lambda,epsilon,S(epsilon),E_disc,lambda*E_disc,L(epsilon)
1e+19,0.0001,9.210440366976517,3.81308091399814e-20,0.381308091399814,8.829132275576702
1e+19,0.00010304892800279572,9.18040969699074,3.800646954495972e-20,0.38006469544959726,8.800345001541142
1e+19,0.00010619081562525365,9.150379119945423,3.788212994993804e-20,0.3788212994993804,8.771557820446043
1e+19,0.0001094284971392492,9.12034863867365,3.775779035491636e-20,0.37757790354916365,8.742770735124488
1e+19,0.00011276489323156629,9.09031825609485,3.763345075989468e-20,0.3763345075989468,8.713983748495902
1e+19,0.00011620301363862609,9.060287975217424,3.750911116487301e-20,0.3750911116487301,8.685196863568693
1e+19,0.0001197459598615467,9.030257799141449,3.738477156985133e-20,0.37384771569851327,8.656410083442935
1e+19,0.00012339692796398192,9.00022773106148,3.726043197482965e-20,0.3726043197482965,8.627623411313184
1e+19,0.0001271592114552653,8.97019777426943,3.7136092379807974e-20,0.3713609237980797,8.59883685047135
1e+19,0.00013103620426145913,8.94016793215752,3.7011752784786294e-20,0.37011752784786295,8.570050404309656
1e+19,0.00013503140378698736,8.910138208221348,3.6887413189764614e-20,0.3688741318976461,8.541264076323701
1e+19,0.00013914841406961683,8.880108606063038,3.6763073594742933e-20,0.36763073594742934,8.512477870115609
1e+19,0.00014339094903163154,8.850079129394473,3.6638733999721253e-20,0.3663873399972125,8.48369178939726
1e+19,0.0001477628358301315,8.820049782040648,3.651439440469958e-20,0.3651439440469958,8.454905837993653
1e+19,0.0001522680183094813,8.790020567943113,3.6390054809677905e-20,0.3639005480967791,8.426120019846334
1e+19,0.0001569105605590212,8.759991491163515,3.6265715214656225e-20,0.36265715214656224,8.397334339016952
1e+19,0.00016169465057924893,8.729962555887267,3.6141375619634545e-20,0.36141375619634547,8.368548799690922
1e+19,0.00016662460405978218,8.699933766427312,3.6017036024612865e-20,0.36017036024612864,8.339763406181184
1e+19,0.00017170486827250837,8.669905127227999,3.5892696429591185e-20,0.35892696429591187,8.310978162932088
1e+19,0.0001769400260834324,8.639876642869092,3.5768356834569504e-20,0.35768356834569504,8.282193074523397
1e+19,0.00018233480008684403,8.609848318069897,3.564401723954783e-20,0.3564401723954783,8.253408145674419
1e+19,0.00018789405686553344,8.579820157693497,3.551967764452615e-20,0.3551967764452615,8.224623381248236
1e+19,0.00019362281138089561,8.549792166751143,3.539533804950447e-20,0.3539533804950447,8.195838786256099
1e+19,0.00019952623149688788,8.519764350406755,3.5270998454482796e-20,0.35270998454482794,8.167054365861926
1e+19,0.0002056096426419195,8.489736713981575,3.5146658859461116e-20,0.35146658859461116,8.138270125386963
1e+19,0.00021187853261287723,8.459709262958954,3.5022319264439436e-20,0.35022319264439433,8.10948607031456
1e+19,0.00021833855652562368,8.42968200298929,3.4897979669417755e-20,0.34897979669417756,8.080702206295113
1e+19,0.0002249955419164334,8.399654939895104,3.477364007439608e-20,0.34773640074396084,8.051918539151144
1e+19,0.00023185549399896554,8.369628079676286,3.46493004793744e-20,0.346493004793744,8.023135074882541
1e+19,0.00023892460108152012,8.339601428515493,3.452496088435273e-20,0.3452496088435273,7.994351819671966
1e+19,0.00024620924014946254,8.309574992783707,3.4400621289331047e-20,0.34400621289331046,7.965568779890397
1e+19,0.0002537159826178501,8.27954877904597,3.4276281694309367e-20,0.3427628169430937,7.936785962102875
1e+19,0.0002614516002594538,8.249522794067284,3.4151942099287687e-20,0.34151942099287685,7.908003373074407
1e+19,0.0002694230713135218,8.219497044818704,3.4027602504266006e-20,0.3402760250426601,7.879221019776044
1e+19,0.0002776375867807921,8.189471538483595,3.3903262909244326e-20,0.33903262909244325,7.850438909391151
1e+19,0.0002861025569104376,8.159446282464106,3.377892331422265e-20,0.33778923314222653,7.82165704932188
1e+19,0.00029482561788479457,8.12942128438781,3.365458371920097e-20,0.3365458371920097,7.7928754471958
1e+19,0.0003038146387078996,8.099396552114573,3.35302441241793e-20,0.335302441241793,7.76409411087278
1e+19,0.0003130777283040571,8.069372093743615,3.340590452915762e-20,0.33405904529157615,7.7353130484520385
1e+19,0.00032262324283283616,8.039347917620791,3.3281564934135944e-20,0.33281564934135943,7.706532268279432
1e+19,0.00033245979322709415,8.009324032346091,3.315722533911426e-20,0.3315722533911426,7.677751778954949
1e+19,0.00034259625296083145,7.979300446781371,3.3032885744092583e-20,0.3303288574409258,7.648971589340445
1e+19,0.0003530417660538831,7.949277170058309,3.2908546149070903e-20,0.32908546149070905,7.6201917085676
1e+19,0.00036380575532066455,7.919254211586619,3.2784206554049223e-20,0.3278420655404922,7.591412146046126
1e+19,0.0003748979308704188,7.889231581062495,3.265986695902754e-20,0.32659866959027545,7.562632911472219
1e+19,0.00038632829886662835,7.859209288477329,3.253552736400587e-20,0.3253552736400587,7.533854014837271
1e+19,0.00039810717055349735,7.829187344126675,3.241118776898419e-20,0.3241118776898419,7.505075466436833
1e+19,0.0004102451715576402,7.799165758619501,3.228684817396251e-20,0.32286848173962507,7.476297276879876
1e+19,0.00042275325147337847,7.76914454288771,3.216250857894083e-20,0.3216250857894083,7.447519457098301
1e+19,0.00043564269374027977,7.739123708195957,3.203816898391915e-20,0.32038168983919146,7.418742018356766
1e+19,0.00044892512582186077,7.709103266151759,3.1913829388897474e-20,0.31913829388897474,7.389964972262784
1e+19,0.0004626125296946289,7.679083228715913,3.17894897938758e-20,0.317894897938758,7.361188330777155
1e+19,0.0004767172526569302,7.649063608213221,3.166515019885412e-20,0.3166515019885412,7.33241210622468
1e+19,0.0004912520184673452,7.619044417343562,3.1540810603832446e-20,0.3154081060383245,7.303636311305238
1e+19,0.0005062299388226953,7.589025669193268,3.1416471008810766e-20,0.31416471008810765,7.274860959105161
1e+19,0.0005216645251859962,7.559007377246874,3.129213141378908e-20,0.3129213141378908,7.246086063108983
1e+19,0.0005375697009750434,7.528989555399198,3.11677918187674e-20,0.311677918187674,7.217311637211524
1e+19,0.0005539598141226161,7.49897221796781,3.1043452223745725e-20,0.31043452223745727,7.188537695730353
1e+19,0.0005708496500196358,7.468955379705852,3.0919112628724045e-20,0.30919112628724044,7.1597642534186114
1e+19,0.0005882544448529452,7.438939055815275,3.079477303370237e-20,0.3079477303370237,7.13099132547825
1e+19,0.0006061898993497572,7.408923261960443,3.067043343868069e-20,0.3067043343868069,7.102218927573636
1e+19,0.0006246721929411512,7.3789080142821835,3.054609384365901e-20,0.3054609384365901,7.073447075845594
1e+19,0.0006437179983574121,7.348893329412229,3.042175424863733e-20,0.3042175424863733,7.044675786925856
1e+19,0.0006633444966683667,7.318879224488119,3.0297414653615656e-20,0.30297414653615656,7.015905077951962
1e+19,0.0006835693927822929,7.288865717168532,3.0173075058593976e-20,0.3017307505859398,6.987134966582592
1e+19,0.0007044109314173722,7.2588528256491065,3.00487354635723e-20,0.300487354635723,6.9583654710133835
1e+19,0.0007258879135601106,7.228840568678705,2.992439586855062e-20,0.29924395868550624,6.929596609993199
1e+19,0.0007480197134255545,7.1988289655761974,2.980005627352894e-20,0.2980005627352894,6.900828402840908
1e+19,0.0007708262959346186,7.168818036247736,2.967571667850726e-20,0.29675716678507263,6.872060869462664
1e+19,0.0007943282347242813,7.138807801204557,2.955137708348559e-20,0.29551377083485586,6.843294030369701
1e+19,0.0008185467307069029,7.108798281581305,2.94270374884639e-20,0.29427037488463903,6.814527906696666
1e+19,0.0008435036311953937,7.078789499154933,2.930269789344223e-20,0.29302697893442226,6.78576252022051
1e+19,0.0008692214496115088,7.048781476364148,2.917835829842055e-20,0.2917835829842055,6.756997893379943
1e+19,0.0008957233857950211,7.018774236329455,2.9054018703398867e-20,0.29054018703398865,6.728234049295467
1e+19,0.0009230333469321155,6.9887678028738,2.892967910837719e-20,0.28929679108377193,6.699471011790028
1e+19,0.0009511759691218704,6.9587622005438305,2.880533951335551e-20,0.2880533951335551,6.670708805410276
1e+19,0.0009801766396002906,6.928757454631798,2.868099991833384e-20,0.2868099991833384,6.641947455448459
1e+19,0.001010061519641925,6.898753591198123,2.855666032331216e-20,0.2855666032331216,6.613186987965001
1e+19,0.0010408575681597517,6.868750637094621,2.843232072829048e-20,0.2843232072829048,6.584427429811716
1e+19,0.0010725925660245931,6.838748619988451,2.83079811332688e-20,0.283079811332688,6.555668808655763
1e+19,0.0011052951411260222,6.808747568386753,2.818364153824712e-20,0.2818364153824712,6.526911153004282
1e+19,0.0011389947941973528,6.778747511662049,2.8059301943225444e-20,0.28059301943225445,6.498154492229794
1e+19,0.0011737219254280213,6.748748480078387,2.7934962348203764e-20,0.2793496234820376,6.469398856596349
1e+19,0.0012095078618873482,6.718750504818279,2.781062275318209e-20,0.2781062275318209,6.440644277286458
1e+19,0.0012463848857844474,6.6887536180104386,2.768628315816041e-20,0.2768628315816041,6.411890786428835
1e+19,0.001284386263589743,6.658757852758354,2.7561943563138723e-20,0.27561943563138724,6.3831384171269665
1e+19,0.0013235462760443923,6.628763243169706,2.743760396811705e-20,0.27437603968117047,6.354387203488535
1e+19,0.0013639002490846684,6.598769824386674,2.7313264373095375e-20,0.27313264373095375,6.325637180655721
1e+19,0.0014054845857092116,6.568777632617142,2.7188924778073695e-20,0.271889247780737,6.296888384836405
1e+19,0.0014483367988178757,6.5387867051668325,2.7064585183052018e-20,0.2706458518305202,6.2681408533363125
1e+19,0.0014924955450518291,6.508797080472405,2.6940245588030338e-20,0.26940245588030337,6.2393946245921015
1e+19,0.001538000659665393,6.478808798135537,2.6815905993008657e-20,0.2681590599300866,6.210649738205451
1e+19,0.001584893192461114,6.4488218989580215,2.6691566397986977e-20,0.26691566397986977,6.181906234978152
1e+19,0.0016332154448204625,6.4188364249779,2.65672268029653e-20,0.265672268029653,6.153164156948247
1e+19,0.0016830110078635784,6.388852419506679,2.644288720794362e-20,0.2644288720794362,6.124423547427243
1e+19,0.0017343248017724637,6.358869927167654,2.6318547612921946e-20,0.26318547612921944,6.0956844510384345
1e+19,0.0017872031163131358,6.328888993935356,2.6194208017900266e-20,0.26194208017900267,6.066946913756354
1e+19,0.001841693652593245,6.298909667176184,2.6069868422878586e-20,0.26069868422878584,6.0382109829473976
1e+19,0.0018978455660928718,6.268931995690229,2.5945528827856908e-20,0.25945528827856906,6.00947670741166
1e+19,0.0019557095110072924,6.2389560297543465,2.5821189232835234e-20,0.25821189232835234,5.980744137425994
1e+19,0.002015337685941733,6.208981821166486,2.5696849637813554e-20,0.25696849637813557,5.95201332478835
1e+19,0.002076783880999304,6.179009423291354,2.5572510042791877e-20,0.2557251004279188,5.923284322863435
1e+19,0.0021401035263046396,6.149038891107399,2.5448170447770197e-20,0.25448170447770196,5.894557186629697
1e+19,0.0022053537420069604,6.119070281255205,2.5323830852748517e-20,0.2532383085274852,5.86583197272772
1e+19,0.002272593389807714,6.089103652087285,2.5199491257726837e-20,0.25199491257726836,5.8371087395100165
1e+19,0.0023418831260592437,6.059139063719369,2.507515166270516e-20,0.2507515166270516,5.808387547092318
1e+19,0.0024132854564824116,6.029176578083166,2.495081206768348e-20,0.24950812067683478,5.7796684574063315
1e+19,0.002486864792552498,5.999216258980706,2.4826472472661805e-20,0.24826472472661806,5.750951534254088
1e+19,0.002562687509604299,5.9692581721402505,2.4702132877640122e-20,0.24702132877640123,5.7222368433638495
1e+19,0.002640822006708773,5.939302385273854,2.4577793282618442e-20,0.24577793282618443,5.69352445244767
1e+19,0.002721338768375309,5.909348968136605,2.4453453687596762e-20,0.24453453687596763,5.664814431260638
1e+19,0.002804310428135237,5.879397992587594,2.432911409257509e-20,0.2432911409257509,5.636106851661843
1e+19,0.0028898118340639728,5.8494495326526605,2.420477449755341e-20,0.2420477449755341,5.6074017876771265
1e+19,0.002977920116300851,5.819503664588972,2.4080434902531736e-20,0.24080434902531736,5.578699315563655
1e+19,0.003068714756627635,5.789560466951474,2.3956095307510056e-20,0.23956095307510056,5.549999513876373
1e+19,0.0031622776601683794,5.759620020661271,2.3831755712488376e-20,0.23831755712488376,5.521302463536387
1e+19,0.0032586932292754064,5.729682409075997,2.3707416117466693e-20,0.23707416117466693,5.492608247901329
1e+19,0.0033580484396679893,5.699747718062208,2.358307652244502e-20,0.23583076522445018,5.463916952837758
1e+19,0.0034604329188924715,5.669816036069883,2.345873692742334e-20,0.23458736927423338,5.435228666795649
1e+19,0.003565939027174542,5.6398874542090605,2.3334397332401662e-20,0.23334397332401663,5.406543480885044
1e+19,0.003674661940736688,5.609962066328686,2.321005773737998e-20,0.23210057737379983,5.377861488954887
1e+19,0.0037866997376558857,5.580039969097733,2.30857181423583e-20,0.23085718142358302,5.34918278767415
1e+19,0.003902153486339068,5.550121262088635,2.296137854733662e-20,0.22961378547336622,5.320507476615269
1e+19,0.004021127336696125,5.520206047863127,2.2837038952314947e-20,0.22837038952314948,5.291835658339977
1e+19,0.004143728614092727,5.490294432060511,2.2712699357293267e-20,0.22712699357293267,5.263167438487579
1e+19,0.004270067916167655,5.460386523488477,2.2588359762271593e-20,0.22588359762271593,5.234502925865761
1e+19,0.004400259212602087,5.430482434216466,2.2464020167249913e-20,0.22464020167249912,5.205842232543967
1e+19,0.004534419947930711,5.400582279671713,2.2339680572228232e-20,0.22339680572228232,5.177185473949431
1e+19,0.0046726711474875254,5.370686178738003,2.2215340977206552e-20,0.22215340977206552,5.1485327689659375
1e+19,0.004815137526581825,5.340794253857207,2.2091001382184878e-20,0.22091001382184877,5.119884240035359
1e+19,0.004961947603002903,5.310906631133687,2.1966661787163198e-20,0.21966661787163197,5.0912400132620546
1e+19,0.005113233812954905,5.281023440441643,2.184232219214152e-20,0.21842322192141522,5.062600218520228
1e+19,0.005269132630526506,5.251144815535453,2.1717982597119844e-20,0.21717982597119845,5.033964989564255
1e+19,0.005429784690803076,5.221270894163116,2.1593643002098164e-20,0.21593643002098165,5.005334464142134
1e+19,0.005595334916732486,5.191401818182837,2.1469303407076484e-20,0.21469303407076484,4.9767087841120725
1e+19,0.005765932649858944,5.16153773368288,2.1344963812054806e-20,0.21344963812054807,4.948088095562332
1e+19,0.005941731785042835,5.131678791104708,2.1220624217033126e-20,0.21220624217033127,4.919472548934377
1e+19,0.0061228909092880136,5.1018251453695616,2.109628462201145e-20,0.2109628462201145,4.890862299149447
1e+19,0.00630957344480193,5.071976956008489,2.097194502698977e-20,0.2097194502698977,4.862257505738591
1e+19,0.006501947796417459,5.042134387295971,2.0847605431968092e-20,0.20847605431968091,4.83365833297629
1e+19,0.006700187503509591,5.01229760838718,2.0723265836946412e-20,0.2072326583694641,4.805064950017716
1e+19,0.006904471396543907,4.982466793458995,2.0598926241924735e-20,0.20598926241924734,4.776477531039748
1e+19,0.007114983758398155,4.952642121854823,2.0474586646903054e-20,0.20474586646903054,4.747896255385792
1e+19,0.007331914490602317,4.922823778233366,2.035024705188138e-20,0.20350247051881382,4.719321307714552
1e+19,0.007555459284647329,4.893011952721356,2.02259074568597e-20,0.202259074568597,4.690752878152758
1e+19,0.00778581979851677,4.863206841070422,2.010156786183802e-20,0.2010156786183802,4.662191162452042
1e+19,0.008023203838600963,4.833408644818118,1.997722826681634e-20,0.1997722826681634,4.633636362149955
1e+19,0.00826782554715744,4.803617571453243,1.9852888671794666e-20,0.19852888671794666,4.605088684735296
1e+19,0.008519905595487022,4.773833834585523,1.9728549076772986e-20,0.19728549076772986,4.576548343817794
1e+19,0.008779671382999576,4.744057654119776,1.9604209481751308e-20,0.19604209481751309,4.548015559302263
1e+19,0.009047357242349292,4.714289256434616,1.9479869886729628e-20,0.19479869886729628,4.51949055756732
1e+19,0.009323204650824249,4.684528874565829,1.935553029170795e-20,0.1935553029170795,4.490973571648749
1e+19,0.009607462448181182,4.654776748394491,1.923119069668627e-20,0.1923119069668627,4.462464841427629
1e+19,0.00990038706112185,4.62503312483993,1.9106851101664594e-20,0.19106851101664593,4.433964613823283
1e+19,0.01020224273461356,4.595298258057627,1.8982511506642914e-20,0.18982511506642913,4.405473142991198
1e+19,0.010513301770262386,4.565572409642164,1.8858171911621234e-20,0.18858171911621233,4.376990690525952
1e+19,0.010833844771954322,4.5358558488352845,1.8733832316599556e-20,0.18733832316599555,4.348517525669289
1e+19,0.011164160898985859,4.50614885273919,1.8609492721577876e-20,0.18609492721577878,4.320053925523411
1e+19,0.01150454812691221,4.476451706535156,1.84851531265562e-20,0.184851531265562,4.291600175269593
1e+19,0.011855313516348736,4.44676470370755,1.8360813531534525e-20,0.18360813531534526,4.263156568392205
1e+19,0.012216773489967919,4.41708814627336,1.8236473936512842e-20,0.18236473936512843,4.234723406908232
1e+19,0.012589254117941675,4.387422345017317,1.8112134341491162e-20,0.18112134341491162,4.206301001602405
1e+19,0.012973091412086699,4.357767619732692,1.7987794746469488e-20,0.17987794746469488,4.177889672267997
1e+19,0.013368631628978098,4.328124299467869,1.7863455151447807e-20,0.17863455151447807,4.149489747953391
1e+19,0.013776231582304618,4.298492722778779,1.7739115556426127e-20,0.17739115556426127,4.1211015672145175
1e+19,0.014196258964747476,4.268873237987252,1.7614775961404453e-20,0.17614775961404452,4.092725478373207
1e+19,0.01462909267967306,4.239266203445404,1.7490436366382773e-20,0.17490436366382772,4.064361839781577
1e+19,0.015075123182938552,4.209671987806107,1.7366096771361093e-20,0.17366096771361092,4.036011020092497
1e+19,0.015534752835119101,4.180090970299629,1.7241757176339416e-20,0.17241757176339415,4.007673398536235
1e+19,0.01600839626447415,4.150523541016506,1.711741758131774e-20,0.1711741758131774,3.9793493652033285
1e+19,0.016496480740980205,4.120970101196715,1.699307798629606e-20,0.1699307798629606,3.951039321333754
1e+19,0.016999446561767738,4.091431063525208,1.686873839127438e-20,0.16868738391274382,3.9227436796124646
1e+19,0.01751774744830977,4.0619068524338555,1.67443987962527e-20,0.16744398796252702,3.8944628644713286
1e+19,0.01805185095572032,4.032397904409856,1.662005920123102e-20,0.16620059201231022,3.8661973123975457
1e+19,0.018602238894532205,4.002904668310645,1.6495719606209347e-20,0.16495719606209347,3.8379474722485516
1e+19,0.019169407765334556,3.9734276056853477,1.6371380011187667e-20,0.16371380011187667,3.809713805573471
1e+19,0.01975386920666194,3.9439671911027996,1.6247040416165987e-20,0.16247040416165986,3.7814967869411396
1e+19,0.020356150456539476,3.914523912486148,1.6122700821144313e-20,0.16122700821144312,3.7532969042747046
1e+19,0.020976794828100137,3.8850982714540527,1.599836122612263e-20,0.1599836122612263,3.7251146591928266
1e+19,0.021616362199703087,3.855690783668488,1.587402163110095e-20,0.15874021631100949,3.6969505673574785
1e+19,0.022275429519995563,3.82630197918913,1.5749682036079275e-20,0.15749682036079274,3.6688051588283375
1e+19,0.022954591328373734,3.796932402834307,1.5625342441057595e-20,0.15625342441057596,3.6406789784237312
1e+19,0.02365446029131184,3.767582614548497,1.5501002846035915e-20,0.15501002846035916,3.6125725860881377
1e+19,0.024375667755043816,3.738253189776303,1.537666325101424e-20,0.15376663251014241,3.5844865572661604
1e+19,0.025118864315095794,3.708944719842862,1.525232365599256e-20,0.1525232365599256,3.5564214832829366
1e+19,0.025884720403183015,3.679657812340618,1.512798406097088e-20,0.1512798406097088,3.5283779717309094
1e+19,0.026673926892001012,3.6503930915223557,1.5003644465949203e-20,0.15003644465949204,3.5003566468628637
1e+19,0.02748719571845649,3.6211511987003924,1.4879304870927523e-20,0.14879304870927523,3.472358149991117
1e+19,0.02832526052589978,3.591932792651819,1.4754965275905846e-20,0.14754965275905846,3.4443831398927607
1e+19,0.02918887732593875,3.5627385500296276,1.463062568088417e-20,0.14630625680884168,3.416432293220786
1e+19,0.03007882518043099,3.5335691657795683,1.450628608586249e-20,0.14506286085862488,3.388506304920943
1e+19,0.03099590690426912,3.504425353562567,1.438194649084081e-20,0.14381946490840808,3.360605888654159
1e+19,0.031940949789593845,3.475307846182473,1.4257606895819135e-20,0.14257606895819133,3.3327317772242817
1e+19,0.03291480635208769,3.44621739601892,1.4133267300797454e-20,0.14133267300797456,3.3048847230109457
1e+19,0.03391835510002248,3.417154775465055,1.4008927705775774e-20,0.14008927705775776,3.277065498407297
1e+19,0.034952501326754724,3.388120777369826,1.38845881107541e-20,0.138845881107541,3.249274896262285
1e+19,0.036018177927383696,3.359116215484542,1.376024851573242e-20,0.1376024851573242,3.2215137303272177
1e+19,0.03711634624030848,3.3301419249133657,1.3635908920710737e-20,0.13635908920710738,3.1937828357062585
1e+19,0.038247996914443826,3.3011987625673505,1.3511569325689063e-20,0.13511569325689063,3.16608306931046
1e+19,0.03941415080287675,3.272287607621637,1.3387229730667383e-20,0.13387229730667383,3.1384153103149632
1e+19,0.0406158598837698,3.2434093619753726,1.3262890135645704e-20,0.13262890135645705,3.1107804606189156
1e+19,0.041854208209342283,3.2145649507138705,1.3138550540624028e-20,0.13138550540624028,3.08317944530763
1e+19,0.04313031288378535,3.1857553225725033,1.3014210945602348e-20,0.13014210945602347,3.0556132131164797
1e+19,0.0444453250709925,3.1569814504018012,1.2889871350580668e-20,0.12889871350580667,3.0280827368959944
1e+19,0.04580043103301552,3.1282443316331374,1.2765531755558992e-20,0.12765531755558993,3.0005890140775473
1e+19,0.04719685320018228,3.0995449887443898,1.2641192160537314e-20,0.12641192160537315,2.973133067139017
1e+19,0.04863585127384103,3.0708844697249056,1.2516852565515634e-20,0.12516852565515635,2.9457159440697493
1e+19,0.0501187233627272,3.04226384853904,1.2392512970493958e-20,0.12392512970493957,2.9183387188341006
1e+19,0.05164680715397711,3.0136842255875056,1.2268173375472278e-20,0.12268173375472277,2.891002491832783
1e+19,0.05322148111984462,2.9851467281657253,1.2143833780450596e-20,0.12143833780450596,2.8637083903612193
1e+19,0.05484416576121015,2.9566525109183086,1.201949418542892e-20,0.12019494185428921,2.8364575690640192
1e+19,0.05651632488900339,2.928202756288746,1.189515459040724e-20,0.1189515459040724,2.809251210384674
1e+19,0.05823946694469523,2.899798674963346,1.1770814995385563e-20,0.11770814995385563,2.7820905250094907
1e+19,0.06001514636105094,2.871441506308387,1.1646475400363888e-20,0.11646475400363887,2.7549767523047484
1e+19,0.06184496496437186,2.843132518799395,1.1522135805342206e-20,0.11522135805342205,2.727911160745973
1e+19,0.0637305734194898,2.8148730104414295,1.1397796210320526e-20,0.11397796210320525,2.700895048338224
1e+19,0.06567367271881884,2.7866643091791463,1.1273456615298852e-20,0.11273456615298852,2.6739297430261577
1e+19,0.06767601571680733,2.758507773295396,1.1149117020277172e-20,0.11149117020277172,2.647016603092624
1e+19,0.0697394087111735,2.730404791797041,1.1024777425255491e-20,0.11024777425255491,2.620157017544486
1e+19,0.07186571307235257,2.7023567847865926,1.0900437830233816e-20,0.10900437830233815,2.5933524064842546
1e+19,0.07405684692262435,2.6743652038182257,1.0776098235212136e-20,0.10776098235212135,2.5666042214661045
1e+19,0.07631478686643581,2.6464315322366767,1.0651758640190455e-20,0.10651758640190455,2.539913945834772
1e+19,0.07864156977348036,2.6185572854974275,1.052741904516878e-20,0.1052741904516878,2.5132830950457397
1e+19,0.08103929461614214,2.5907440114665543,1.04030794501471e-20,0.104030794501471,2.486713216965083
1e+19,0.08351012436296183,2.56299329069854,1.027873985512542e-20,0.1027873985512542,2.4602058921472856
1e+19,0.08605628792983362,2.535306736690279,1.0154400260103744e-20,0.10154400260103744,2.4337627340892416
1e+19,0.08868008219069283,2.507685996109448,1.0030060665082065e-20,0.10030060665082065,2.4073853894586277
1e+19,0.09138387404950712,2.48013274899537,9.905721070060385e-21,0.09905721070060385,2.381075538294766
1e+19,0.09417010257544203,2.4526487089304005,9.78138147503871e-21,0.0978138147503871,2.3548348941800135
1e+19,0.09704128120312615,2.4252356231798498,9.657041880017028e-21,0.09657041880017028,2.3286652043796794
1e+19,0.1,2.3978952727983707,9.53270228499535e-21,0.0953270228499535,2.302568249948417
1e+19,0.10304892800279562,2.370629472700696,9.408362689973674e-21,0.09408362689973673,2.276545845800959
1e+19,0.10619081562525366,2.343440071694561,9.284023094951995e-21,0.09284023094951994,2.2505998407450414
1e+19,0.1094284971392492,2.3163289524736057,9.159683499930313e-21,0.09159683499930313,2.2247321174743027
1e+19,0.11276489323156617,2.2892980315679887,9.035343904908638e-21,0.09035343904908638,2.1989445925189024
1e+19,0.11620301363862609,2.262349259250426,8.911004309886959e-21,0.08911004309886959,2.1732392161515564
1e+19,0.1197459598615467,2.2354846193953386,8.786664714865279e-21,0.08786664714865279,2.1476179722466857
1e+19,0.1233969279639818,2.208706129288737,8.662325119843603e-21,0.08662325119843603,2.1220828780903007
1e+19,0.12715921145526532,2.1820158393864784,8.537985524821923e-21,0.08537985524821923,2.096635984138259
1e+19,0.13103620426145912,2.1554158330185165,8.413645929800243e-21,0.08413645929800243,2.071279373720514
1e+19,0.13503140378698722,2.1289082260367342,8.289306334778567e-21,0.08289306334778568,2.0460151626889487
1e+19,0.13914841406961684,2.102495166403977,8.164966739756889e-21,0.08164966739756889,2.020845499006408
1e+19,0.14339094903163152,2.0761788337219076,8.040627144735209e-21,0.08040627144735209,1.9957725622745555
1e+19,0.14776283583013133,2.049961438695319,7.916287549713533e-21,0.07916287549713533,1.9707985631981835
1e+19,0.15226801830948128,2.0238452225305723,7.791947954691853e-21,0.07791947954691852,1.9459257429836538
1e+19,0.1569105605590212,1.9978324562658885,7.667608359670173e-21,0.07667608359670172,1.9211563726691867
1e+19,0.16169465057924876,1.9719254400312454,7.543268764648497e-21,0.07543268764648497,1.8964927523847603
1e+19,0.1666246040597822,1.9461265022357188,7.418929169626817e-21,0.07418929169626817,1.8719372105394507
1e+19,0.1717048682725084,1.9204379986801934,7.294589574605137e-21,0.07294589574605137,1.847492102934142
1e+19,0.1769400260834322,1.8948623115934302,7.170249979583461e-21,0.07170249979583461,1.8231598117975956
1e+19,0.18233480008684405,1.8694018485896167,7.045910384561782e-21,0.07045910384561782,1.7989427447439987
1e+19,0.18789405686553343,1.844059041545641,6.921570789540102e-21,0.06921570789540102,1.77484333365024
1e+19,0.1936228113808954,1.8188363453964498,6.797231194518427e-21,0.06797231194518427,1.7508640334512655
1e+19,0.1995262314968879,1.7937362368470233,6.6728915994967466e-21,0.06672891599496747,1.7270073208520558
1e+19,0.20560964264191953,1.7687612129996781,6.5485520044750664e-21,0.06548552004475067,1.7032756929549275
1e+19,0.211878532612877,1.7439137898955555,6.424212409453391e-21,0.0642421240945339,1.6796716658010216
1e+19,0.21833855652562367,1.7191965009693988,6.2998728144317114e-21,0.06299872814431712,1.6561977728250816
1e+19,0.2249955419164334,1.6946118954169285,6.1755332194100305e-21,0.06175533219410031,1.6328565632228282
1e+19,0.2318554939989653,1.6701625364743418,6.051193624388356e-21,0.060511936243883555,1.6096506002304583
1e+19,0.2389246010815201,1.6458509996097426,5.926854029366676e-21,0.05926854029366676,1.5865824593160758
1e+19,0.24620924014946255,1.6216798706265738,5.802514434344995e-21,0.05802514434344996,1.563654726283124
1e+19,0.25371598261784983,1.5976517436793911,5.67817483932332e-21,0.056781748393233196,1.540869995286158
1e+19,0.2614516002594538,1.5737692192026371,5.55383524430164e-21,0.0555383524430164,1.5182308667596207
1e+19,0.26942307131352183,1.5500349017534025,5.42949564927996e-21,0.054294956492799605,1.4957399452606028
1e+19,0.2776375867807918,1.5264513977694554,5.3051560542582846e-21,0.053051560542582844,1.4733998372268726
1e+19,0.2861025569104376,1.503021313244203,5.180816459236605e-21,0.05180816459236605,1.451213148651837
1e+19,0.29482561788479456,1.4797472513205985,5.056476864214925e-21,0.05056476864214925,1.4291824826784492
1e+19,0.30381463870789926,1.456631809806356,4.9321372691932494e-21,0.04932137269193249,1.4073104371144234
1e+19,0.31307772830405706,1.4336775786132376,4.807797674171569e-21,0.04807797674171569,1.385599601871522
1e+19,0.32262324283283617,1.4108871371235638,4.683458079149889e-21,0.04683458079149889,1.364052556332065
1e+19,0.33245979322709385,1.388263051487469,4.5591184841282135e-21,0.045591184841282134,1.3426718666461868
1e+19,0.34259625296083146,1.3658078718548476,4.434778889106534e-21,0.04434778889106534,1.3214600829637824
1e+19,0.3530417660538831,1.3435241295463314,4.310439294084855e-21,0.04310439294084855,1.3004197366054828
1e+19,0.36380575532066417,1.3214143341680202,4.186099699063178e-21,0.04186099699063178,1.2795533371773884
1e+19,0.3748979308704184,1.2994809706751143,4.061760104041499e-21,0.04061760104041499,1.2588633696346994
1e+19,0.38632829886662834,1.2777264963899757,3.937420509019819e-21,0.039374205090198185,1.2383522912997775
1e+19,0.3981071705534969,1.2561533379805283,3.813080913998143e-21,0.03813080913998143,1.2180225288405468
1e+19,0.41024517155764023,1.2347638884052905,3.688741318976463e-21,0.03688741318976463,1.197876475215526
1e+19,0.4227532514733785,1.2135605038317052,3.564401723954784e-21,0.03564401723954783,1.1779164865921574
1e+19,0.4356426937402793,1.192545500534755,3.440062128933108e-21,0.03440062128933108,1.1581448792454239
1e+19,0.4489251258218603,1.1717211517832016,3.3157225339114286e-21,0.033157225339114284,1.1385639264440872
1e+19,0.46261252969462896,1.1510896847210947,3.191382938889748e-21,0.03191382938889748,1.1191758553321973
1e+19,0.4767172526569297,1.1306532772524611,3.0670433438680717e-21,0.030670433438680717,1.0999828438137804
1e+19,0.4912520184673453,1.1104140549373505,2.942703748846392e-21,0.029427037488463918,1.0809870174488865
1e+19,0.5062299388226954,1.0903740879076549,2.818364153824712e-21,0.028183641538247123,1.0621904463694078
1e+19,0.5216645251859957,1.0705353878112773,2.6940245588030365e-21,0.026940245588030366,1.043595142223247
1e+19,0.5375697009750429,1.0508999047934073,2.5696849637813575e-21,0.025696849637813574,1.0252030551555937
1e+19,0.5539598141226162,1.03146952452378,2.4453453687596778e-21,0.024453453687596778,1.007016070836183
1e+19,0.5708496500196352,1.0122460652788536,2.3210057737380018e-21,0.023210057737380017,0.9890360075414736
1e+19,0.5882544448529452,0.993231275087897,2.196666178716322e-21,0.02196666178716322,0.9712646133007338
1e+19,0.6061898993497572,0.9744268289519724,2.0723265836946422e-21,0.020723265836946423,0.953703563115026
1e+19,0.6246721929411505,0.9558343261447242,1.9479869886729666e-21,0.019479869886729666,0.9363544562579945
1e+19,0.6437179983574114,0.9374552876038148,1.8236473936512864e-21,0.018236473936512863,0.919218813667302
1e+19,0.6633444966683667,0.9192911534216897,1.6993077986296067e-21,0.016993077986296068,0.9022980754353935
1e+19,0.6835693927822921,0.9013432804441551,1.574968203607931e-21,0.01574968203607931,0.8855935984080758
1e+19,0.7044109314173722,0.8836129399850277,1.4506286085862507e-21,0.014506286085862507,0.8691066538991652
1e+19,0.7258879135601106,0.8661013156648223,1.326289013564571e-21,0.01326289013564571,0.8528384255291765
1e+19,0.7480197134255537,0.8488095013811026,1.2019494185428955e-21,0.012019494185428956,0.8367900071956736
1e+19,0.7708262959346177,0.831738499417753,1.0776098235212157e-21,0.010776098235212157,0.8209624011825408
1e+19,0.7943282347242815,0.8148892187000116,9.532702284995352e-22,0.009532702284995353,0.8053565164150163
1e+20,0.0001,9.210440366976517,3.81308091399814e-20,3.8130809139981396,5.397359452978377
1e+20,0.00010304892800279572,9.18040969699074,3.800646954495972e-20,3.8006469544959725,5.379762742494767
1e+20,0.00010619081562525365,9.150379119945423,3.788212994993804e-20,3.7882129949938044,5.362166124951619
1e+20,0.0001094284971392492,9.12034863867365,3.775779035491636e-20,3.7757790354916363,5.3445696031820145
1e+20,0.00011276489323156629,9.09031825609485,3.763345075989468e-20,3.763345075989468,5.326973180105382
1e+20,0.00011620301363862609,9.060287975217424,3.750911116487301e-20,3.750911116487301,5.309376858730123
1e+20,0.0001197459598615467,9.030257799141449,3.738477156985133e-20,3.738477156985133,5.291780642156316
1e+20,0.00012339692796398192,9.00022773106148,3.726043197482965e-20,3.726043197482965,5.274184533578516
1e+20,0.0001271592114552653,8.97019777426943,3.7136092379807974e-20,3.7136092379807972,5.256588536288632
1e+20,0.00013103620426145913,8.94016793215752,3.7011752784786294e-20,3.7011752784786296,5.23899265367889
1e+20,0.00013503140378698736,8.910138208221348,3.6887413189764614e-20,3.6887413189764615,5.221396889244886
1e+20,0.00013914841406961683,8.880108606063038,3.6763073594742933e-20,3.6763073594742934,5.203801246588744
1e+20,0.00014339094903163154,8.850079129394473,3.6638733999721253e-20,3.6638733999721254,5.186205729422348
1e+20,0.0001477628358301315,8.820049782040648,3.651439440469958e-20,3.6514394404699577,5.168610341570691
1e+20,0.0001522680183094813,8.790020567943113,3.6390054809677905e-20,3.6390054809677905,5.151015086975322
1e+20,0.0001569105605590212,8.759991491163515,3.6265715214656225e-20,3.6265715214656224,5.133419969697892
1e+20,0.00016169465057924893,8.729962555887267,3.6141375619634545e-20,3.6141375619634544,5.1158249939238125
1e+20,0.00016662460405978218,8.699933766427312,3.6017036024612865e-20,3.6017036024612863,5.098230163966026
1e+20,0.00017170486827250837,8.669905127227999,3.5892696429591185e-20,3.5892696429591187,5.08063548426888
1e+20,0.0001769400260834324,8.639876642869092,3.5768356834569504e-20,3.5768356834569506,5.063040959412142
1e+20,0.00018233480008684403,8.609848318069897,3.564401723954783e-20,3.564401723954783,5.0454465941151145
1e+20,0.00018789405686553344,8.579820157693497,3.551967764452615e-20,3.551967764452615,5.027852393240883
1e+20,0.00019362281138089561,8.549792166751143,3.539533804950447e-20,3.539533804950447,5.010258361800696
1e+20,0.00019952623149688788,8.519764350406755,3.5270998454482796e-20,3.5270998454482796,4.992664504958475
1e+20,0.0002056096426419195,8.489736713981575,3.5146658859461116e-20,3.5146658859461115,4.975070828035463
1e+20,0.00021187853261287723,8.459709262958954,3.5022319264439436e-20,3.5022319264439434,4.95747733651501
1e+20,0.00021833855652562368,8.42968200298929,3.4897979669417755e-20,3.4897979669417754,4.9398840360475145
1e+20,0.0002249955419164334,8.399654939895104,3.477364007439608e-20,3.477364007439608,4.922290932455496
1e+20,0.00023185549399896554,8.369628079676286,3.46493004793744e-20,3.46493004793744,4.904698031738846
1e+20,0.00023892460108152012,8.339601428515493,3.452496088435273e-20,3.452496088435273,4.88710534008022
1e+20,0.00024620924014946254,8.309574992783707,3.4400621289331047e-20,3.440062128933105,4.869512863850602
1e+20,0.0002537159826178501,8.27954877904597,3.4276281694309367e-20,3.4276281694309367,4.851920609615032
1e+20,0.0002614516002594538,8.249522794067284,3.4151942099287687e-20,3.4151942099287687,4.834328584138515
1e+20,0.0002694230713135218,8.219497044818704,3.4027602504266006e-20,3.4027602504266006,4.816736794392103
1e+20,0.0002776375867807921,8.189471538483595,3.3903262909244326e-20,3.3903262909244325,4.799145247559162
1e+20,0.0002861025569104376,8.159446282464106,3.377892331422265e-20,3.3778923314222653,4.781553951041841
1e+20,0.00029482561788479457,8.12942128438781,3.365458371920097e-20,3.3654583719200972,4.763962912467713
1e+20,0.0003038146387078996,8.099396552114573,3.35302441241793e-20,3.3530244124179296,4.746372139696644
1e+20,0.0003130777283040571,8.069372093743615,3.340590452915762e-20,3.340590452915762,4.728781640827853
1e+20,0.00032262324283283616,8.039347917620791,3.3281564934135944e-20,3.3281564934135943,4.711191424207197
1e+20,0.00033245979322709415,8.009324032346091,3.315722533911426e-20,3.315722533911426,4.693601498434665
1e+20,0.00034259625296083145,7.979300446781371,3.3032885744092583e-20,3.303288574409258,4.676011872372113
1e+20,0.0003530417660538831,7.949277170058309,3.2908546149070903e-20,3.2908546149070905,4.658422555151219
1e+20,0.00036380575532066455,7.919254211586619,3.2784206554049223e-20,3.2784206554049224,4.640833556181697
1e+20,0.0003748979308704188,7.889231581062495,3.265986695902754e-20,3.2659866959027544,4.623244885159741
1e+20,0.00038632829886662835,7.859209288477329,3.253552736400587e-20,3.2535527364005867,4.605656552076742
1e+20,0.00039810717055349735,7.829187344126675,3.241118776898419e-20,3.2411187768984187,4.588068567228256
1e+20,0.0004102451715576402,7.799165758619501,3.228684817396251e-20,3.228684817396251,4.57048094122325
1e+20,0.00042275325147337847,7.76914454288771,3.216250857894083e-20,3.216250857894083,4.552893684993627
1e+20,0.00043564269374027977,7.739123708195957,3.203816898391915e-20,3.203816898391915,4.535306809804043
1e+20,0.00044892512582186077,7.709103266151759,3.1913829388897474e-20,3.1913829388897472,4.517720327262012
1e+20,0.0004626125296946289,7.679083228715913,3.17894897938758e-20,3.17894897938758,4.500134249328333
1e+20,0.0004767172526569302,7.649063608213221,3.166515019885412e-20,3.166515019885412,4.482548588327809
1e+20,0.0004912520184673452,7.619044417343562,3.1540810603832446e-20,3.1540810603832448,4.464963356960317
1e+20,0.0005062299388226953,7.589025669193268,3.1416471008810766e-20,3.1416471008810767,4.447378568312192
1e+20,0.0005216645251859962,7.559007377246874,3.129213141378908e-20,3.129213141378908,4.429794235867966
1e+20,0.0005375697009750434,7.528989555399198,3.11677918187674e-20,3.11677918187674,4.412210373522457
1e+20,0.0005539598141226161,7.49897221796781,3.1043452223745725e-20,3.1043452223745724,4.394626995593238
1e+20,0.0005708496500196358,7.468955379705852,3.0919112628724045e-20,3.0919112628724044,4.3770441168334475
1e+20,0.0005882544448529452,7.438939055815275,3.079477303370237e-20,3.079477303370237,4.359461752445037
1e+20,0.0006061898993497572,7.408923261960443,3.067043343868069e-20,3.067043343868069,4.341879918092374
1e+20,0.0006246721929411512,7.3789080142821835,3.054609384365901e-20,3.054609384365901,4.324298629916282
1e+20,0.0006437179983574121,7.348893329412229,3.042175424863733e-20,3.042175424863733,4.3067179045484965
1e+20,0.0006633444966683667,7.318879224488119,3.0297414653615656e-20,3.0297414653615657,4.289137759126553
1e+20,0.0006835693927822929,7.288865717168532,3.0173075058593976e-20,3.0173075058593977,4.271558211309134
1e+20,0.0007044109314173722,7.2588528256491065,3.00487354635723e-20,3.00487354635723,4.253979279291876
1e+20,0.0007258879135601106,7.228840568678705,2.992439586855062e-20,2.9924395868550624,4.2364009818236426
1e+20,0.0007480197134255545,7.1988289655761974,2.980005627352894e-20,2.9800056273528943,4.218823338223303
1e+20,0.0007708262959346186,7.168818036247736,2.967571667850726e-20,2.9675716678507262,4.20124636839701
1e+20,0.0007943282347242813,7.138807801204557,2.955137708348559e-20,2.9551377083485586,4.183670092855998
1e+20,0.0008185467307069029,7.108798281581305,2.94270374884639e-20,2.94270374884639,4.166094532734915
1e+20,0.0008435036311953937,7.078789499154933,2.930269789344223e-20,2.930269789344223,4.14851970981071
1e+20,0.0008692214496115088,7.048781476364148,2.917835829842055e-20,2.917835829842055,4.130945646522093
1e+20,0.0008957233857950211,7.018774236329455,2.9054018703398867e-20,2.9054018703398867,4.1133723659895685
1e+20,0.0009230333469321155,6.9887678028738,2.892967910837719e-20,2.892967910837719,4.09579989203608
1e+20,0.0009511759691218704,6.9587622005438305,2.880533951335551e-20,2.8805339513355515,4.078228249208279
1e+20,0.0009801766396002906,6.928757454631798,2.868099991833384e-20,2.868099991833384,4.060657462798414
1e+20,0.001010061519641925,6.898753591198123,2.855666032331216e-20,2.8556660323312157,4.043087558866906
1e+20,0.0010408575681597517,6.868750637094621,2.843232072829048e-20,2.8432320728290477,4.025518564265573
1e+20,0.0010725925660245931,6.838748619988451,2.83079811332688e-20,2.83079811332688,4.007950506661571
1e+20,0.0011052951411260222,6.808747568386753,2.818364153824712e-20,2.818364153824712,3.990383414562041
1e+20,0.0011389947941973528,6.778747511662049,2.8059301943225444e-20,2.8059301943225443,3.9728173173395045
1e+20,0.0011737219254280213,6.748748480078387,2.7934962348203764e-20,2.7934962348203762,3.9552522452580106
1e+20,0.0012095078618873482,6.718750504818279,2.781062275318209e-20,2.781062275318209,3.9376882295000697
1e+20,0.0012463848857844474,6.6887536180104386,2.768628315816041e-20,2.768628315816041,3.9201253021943976
1e+20,0.001284386263589743,6.658757852758354,2.7561943563138723e-20,2.7561943563138724,3.9025634964444817
1e+20,0.0013235462760443923,6.628763243169706,2.743760396811705e-20,2.743760396811705,3.885002846358001
1e+20,0.0013639002490846684,6.598769824386674,2.7313264373095375e-20,2.7313264373095376,3.8674433870771368
1e+20,0.0014054845857092116,6.568777632617142,2.7188924778073695e-20,2.7188924778073695,3.849885154809772
1e+20,0.0014483367988178757,6.5387867051668325,2.7064585183052018e-20,2.706458518305202,3.8323281868616306
1e+20,0.0014924955450518291,6.508797080472405,2.6940245588030338e-20,2.694024558803034,3.8147725216693713
1e+20,0.001538000659665393,6.478808798135537,2.6815905993008657e-20,2.6815905993008657,3.7972181988346714
1e+20,0.001584893192461114,6.4488218989580215,2.6691566397986977e-20,2.6691566397986977,3.779665259159324
1e+20,0.0016332154448204625,6.4188364249779,2.65672268029653e-20,2.65672268029653,3.7621137446813697
1e+20,0.0016830110078635784,6.388852419506679,2.644288720794362e-20,2.644288720794362,3.744563698712317
1e+20,0.0017343248017724637,6.358869927167654,2.6318547612921946e-20,2.6318547612921948,3.7270151658754593
1e+20,0.0017872031163131358,6.328888993935356,2.6194208017900266e-20,2.6194208017900267,3.7094681921453296
1e+20,0.001841693652593245,6.298909667176184,2.6069868422878586e-20,2.6069868422878586,3.691922824888325
1e+20,0.0018978455660928718,6.268931995690229,2.5945528827856908e-20,2.594552882785691,3.6743791129045382
1e+20,0.0019557095110072924,6.2389560297543465,2.5821189232835234e-20,2.5821189232835233,3.656837106470823
1e+20,0.002015337685941733,6.208981821166486,2.5696849637813554e-20,2.5696849637813552,3.6392968573851303
1e+20,0.002076783880999304,6.179009423291354,2.5572510042791877e-20,2.5572510042791876,3.621758419012166
1e+20,0.0021401035263046396,6.149038891107399,2.5448170447770197e-20,2.5448170447770195,3.60422184633038
1e+20,0.0022053537420069604,6.119070281255205,2.5323830852748517e-20,2.532383085274852,3.586687195980353
1e+20,0.002272593389807714,6.089103652087285,2.5199491257726837e-20,2.519949125772684,3.5691545263146014
1e+20,0.0023418831260592437,6.059139063719369,2.507515166270516e-20,2.5075151662705157,3.5516238974488537
1e+20,0.0024132854564824116,6.029176578083166,2.495081206768348e-20,2.495081206768348,3.5340953713148178
1e+20,0.002486864792552498,5.999216258980706,2.4826472472661805e-20,2.4826472472661805,3.5165690117145254
1e+20,0.002562687509604299,5.9692581721402505,2.4702132877640122e-20,2.4702132877640124,3.499044884376238
1e+20,0.002640822006708773,5.939302385273854,2.4577793282618442e-20,2.4577793282618443,3.48152305701201
1e+20,0.002721338768375309,5.909348968136605,2.4453453687596762e-20,2.4453453687596762,3.464003599376929
1e+20,0.002804310428135237,5.879397992587594,2.432911409257509e-20,2.432911409257509,3.4464865833300853
1e+20,0.0028898118340639728,5.8494495326526605,2.420477449755341e-20,2.420477449755341,3.4289720828973196
1e+20,0.002977920116300851,5.819503664588972,2.4080434902531736e-20,2.4080434902531738,3.4114601743357986
1e+20,0.003068714756627635,5.789560466951474,2.3956095307510056e-20,2.3956095307510057,3.393950936200468
1e+20,0.0031622776601683794,5.759620020661271,2.3831755712488376e-20,2.3831755712488376,3.3764444494124333
1e+20,0.0032586932292754064,5.729682409075997,2.3707416117466693e-20,2.370741611746669,3.3589407973293275
1e+20,0.0033580484396679893,5.699747718062208,2.358307652244502e-20,2.358307652244502,3.3414400658177064
1e+20,0.0034604329188924715,5.669816036069883,2.345873692742334e-20,2.345873692742334,3.3239423433275492
1e+20,0.003565939027174542,5.6398874542090605,2.3334397332401662e-20,2.333439733240166,3.3064477209688943
1e+20,0.003674661940736688,5.609962066328686,2.321005773737998e-20,2.321005773737998,3.288956292590688
1e+20,0.0037866997376558857,5.580039969097733,2.30857181423583e-20,2.30857181423583,3.271468154861903
1e+20,0.003902153486339068,5.550121262088635,2.296137854733662e-20,2.296137854733662,3.253983407354973
1e+20,0.004021127336696125,5.520206047863127,2.2837038952314947e-20,2.2837038952314948,3.236502152631632
1e+20,0.004143728614092727,5.490294432060511,2.2712699357293267e-20,2.2712699357293267,3.2190244963311847
1e+20,0.004270067916167655,5.460386523488477,2.2588359762271593e-20,2.2588359762271595,3.2015505472613177
1e+20,0.004400259212602087,5.430482434216466,2.2464020167249913e-20,2.2464020167249914,3.1840804174914745
1e+20,0.004534419947930711,5.400582279671713,2.2339680572228232e-20,2.2339680572228233,3.16661422244889
1e+20,0.0046726711474875254,5.370686178738003,2.2215340977206552e-20,2.2215340977206552,3.149152081017348
1e+20,0.004815137526581825,5.340794253857207,2.2091001382184878e-20,2.2091001382184876,3.1316941156387195
1e+20,0.004961947603002903,5.310906631133687,2.1966661787163198e-20,2.19666617871632,3.114240452417367
1e+20,0.005113233812954905,5.281023440441643,2.184232219214152e-20,2.184232219214152,3.0967912212274915
1e+20,0.005269132630526506,5.251144815535453,2.1717982597119844e-20,2.1717982597119843,3.079346555823469
1e+20,0.005429784690803076,5.221270894163116,2.1593643002098164e-20,2.159364300209816,3.0619065939532994
1e+20,0.005595334916732486,5.191401818182837,2.1469303407076484e-20,2.1469303407076485,3.0444714774751884
1e+20,0.005765932649858944,5.16153773368288,2.1344963812054806e-20,2.1344963812054805,3.0270413524773994
1e+20,0.005941731785042835,5.131678791104708,2.1220624217033126e-20,2.122062421703313,3.009616369401395
1e+20,0.0061228909092880136,5.1018251453695616,2.109628462201145e-20,2.1096284622011447,2.992196683168417
1e+20,0.00630957344480193,5.071976956008489,2.097194502698977e-20,2.097194502698977,2.9747824533095115
1e+20,0.006501947796417459,5.042134387295971,2.0847605431968092e-20,2.084760543196809,2.957373844099162
1e+20,0.006700187503509591,5.01229760838718,2.0723265836946412e-20,2.072326583694641,2.939971024692539
1e+20,0.006904471396543907,4.982466793458995,2.0598926241924735e-20,2.0598926241924733,2.9225741692665217
1e+20,0.007114983758398155,4.952642121854823,2.0474586646903054e-20,2.0474586646903052,2.905183457164518
1e+20,0.007331914490602317,4.922823778233366,2.035024705188138e-20,2.035024705188138,2.887799073045228
1e+20,0.007555459284647329,4.893011952721356,2.02259074568597e-20,2.02259074568597,2.8704212070353856
1e+20,0.00778581979851677,4.863206841070422,2.010156786183802e-20,2.010156786183802,2.8530500548866202
1e+20,0.008023203838600963,4.833408644818118,1.997722826681634e-20,1.997722826681634,2.8356858181364846
1e+20,0.00826782554715744,4.803617571453243,1.9852888671794666e-20,1.9852888671794666,2.8183287042737764
1e+20,0.008519905595487022,4.773833834585523,1.9728549076772986e-20,1.9728549076772985,2.8009789269082246
1e+20,0.008779671382999576,4.744057654119776,1.9604209481751308e-20,1.960420948175131,2.783636705944645
1e+20,0.009047357242349292,4.714289256434616,1.9479869886729628e-20,1.9479869886729628,2.766302267761653
1e+20,0.009323204650824249,4.684528874565829,1.935553029170795e-20,1.9355530291707952,2.7489758453950337
1e+20,0.009607462448181182,4.654776748394491,1.923119069668627e-20,1.9231190696686271,2.731657678725864
1e+20,0.00990038706112185,4.62503312483993,1.9106851101664594e-20,1.9106851101664595,2.71434801467347
1e+20,0.01020224273461356,4.595298258057627,1.8982511506642914e-20,1.8982511506642914,2.697047107393336
1e+20,0.010513301770262386,4.565572409642164,1.8858171911621234e-20,1.8858171911621233,2.679755218480041
1e+20,0.010833844771954322,4.5358558488352845,1.8733832316599556e-20,1.8733832316599557,2.662472617175329
1e+20,0.011164160898985859,4.50614885273919,1.8609492721577876e-20,1.8609492721577876,2.6451995805814024
1e+20,0.01150454812691221,4.476451706535156,1.84851531265562e-20,1.84851531265562,2.6279363938795357
1e+20,0.011855313516348736,4.44676470370755,1.8360813531534525e-20,1.8360813531534526,2.6106833505540976
1e+20,0.012216773489967919,4.41708814627336,1.8236473936512842e-20,1.8236473936512843,2.593440752622076
1e+20,0.012589254117941675,4.387422345017317,1.8112134341491162e-20,1.8112134341491162,2.5762089108682007
1e+20,0.012973091412086699,4.357767619732692,1.7987794746469488e-20,1.7987794746469488,2.558988145085743
1e+20,0.013368631628978098,4.328124299467869,1.7863455151447807e-20,1.7863455151447807,2.541778784323088
1e+20,0.013776231582304618,4.298492722778779,1.7739115556426127e-20,1.7739115556426128,2.5245811671361658
1e+20,0.014196258964747476,4.268873237987252,1.7614775961404453e-20,1.7614775961404454,2.5073956418468066
1e+20,0.01462909267967306,4.239266203445404,1.7490436366382773e-20,1.7490436366382773,2.4902225668071267
1e+20,0.015075123182938552,4.209671987806107,1.7366096771361093e-20,1.7366096771361093,2.473062310669998
1e+20,0.015534752835119101,4.180090970299629,1.7241757176339416e-20,1.7241757176339416,2.4559152526656876
1e+20,0.01600839626447415,4.150523541016506,1.711741758131774e-20,1.7117417581317738,2.4387817828847322
1e+20,0.016496480740980205,4.120970101196715,1.699307798629606e-20,1.699307798629606,2.4216623025671087
1e+20,0.016999446561767738,4.091431063525208,1.686873839127438e-20,1.686873839127438,2.40455722439777
1e+20,0.01751774744830977,4.0619068524338555,1.67443987962527e-20,1.6744398796252702,2.3874669728085856
1e+20,0.01805185095572032,4.032397904409856,1.662005920123102e-20,1.662005920123102,2.370391984286754
1e+20,0.018602238894532205,4.002904668310645,1.6495719606209347e-20,1.6495719606209347,2.3533327076897104
1e+20,0.019169407765334556,3.9734276056853477,1.6371380011187667e-20,1.6371380011187666,2.336289604566581
1e+20,0.01975386920666194,3.9439671911027996,1.6247040416165987e-20,1.6247040416165988,2.3192631494862006
1e+20,0.020356150456539476,3.914523912486148,1.6122700821144313e-20,1.6122700821144313,2.3022538303717166
1e+20,0.020976794828100137,3.8850982714540527,1.599836122612263e-20,1.599836122612263,2.28526214884179
1e+20,0.021616362199703087,3.855690783668488,1.587402163110095e-20,1.587402163110095,2.268288620558393
1e+20,0.022275429519995563,3.82630197918913,1.5749682036079275e-20,1.5749682036079276,2.2513337755812026
1e+20,0.022954591328373734,3.796932402834307,1.5625342441057595e-20,1.5625342441057595,2.2343981587285477
1e+20,0.02365446029131184,3.767582614548497,1.5501002846035915e-20,1.5501002846035914,2.2174823299449056
1e+20,0.024375667755043816,3.738253189776303,1.537666325101424e-20,1.537666325101424,2.2005868646748787
1e+20,0.025118864315095794,3.708944719842862,1.525232365599256e-20,1.5252323655992561,2.183712354243606
1e+20,0.025884720403183015,3.679657812340618,1.512798406097088e-20,1.512798406097088,2.16685940624353
1e+20,0.026673926892001012,3.6503930915223557,1.5003644465949203e-20,1.5003644465949204,2.1500286449274353
1e+20,0.02748719571845649,3.6211511987003924,1.4879304870927523e-20,1.4879304870927523,2.13322071160764
1e+20,0.02832526052589978,3.591932792651819,1.4754965275905846e-20,1.4754965275905847,2.1164362650612345
1e+20,0.02918887732593875,3.5627385500296276,1.463062568088417e-20,1.4630625680884168,2.0996759819412105
1e+20,0.03007882518043099,3.5335691657795683,1.450628608586249e-20,1.450628608586249,2.0829405571933193
1e+20,0.03099590690426912,3.504425353562567,1.438194649084081e-20,1.438194649084081,2.0662307044784862
1e+20,0.031940949789593845,3.475307846182473,1.4257606895819135e-20,1.4257606895819135,2.0495471566005596
1e+20,0.03291480635208769,3.44621739601892,1.4133267300797454e-20,1.4133267300797454,2.032890665939175
1e+20,0.03391835510002248,3.417154775465055,1.4008927705775774e-20,1.4008927705775773,2.0162620048874773
1e+20,0.034952501326754724,3.388120777369826,1.38845881107541e-20,1.38845881107541,1.9996619662944162
1e+20,0.036018177927383696,3.359116215484542,1.376024851573242e-20,1.376024851573242,1.9830913639113
1e+20,0.03711634624030848,3.3301419249133657,1.3635908920710737e-20,1.3635908920710738,1.966551032842292
1e+20,0.038247996914443826,3.3011987625673505,1.3511569325689063e-20,1.3511569325689063,1.950041829998444
1e+20,0.03941415080287675,3.272287607621637,1.3387229730667383e-20,1.3387229730667383,1.9335646345548987
1e+20,0.0406158598837698,3.2434093619753726,1.3262890135645704e-20,1.3262890135645704,1.9171203484108021
1e+20,0.041854208209342283,3.2145649507138705,1.3138550540624028e-20,1.3138550540624028,1.9007098966514677
1e+20,0.04313031288378535,3.1857553225725033,1.3014210945602348e-20,1.301421094560235,1.8843342280122684
1e+20,0.0444453250709925,3.1569814504018012,1.2889871350580668e-20,1.2889871350580668,1.8679943153437344
1e+20,0.04580043103301552,3.1282443316331374,1.2765531755558992e-20,1.2765531755558992,1.8516911560772382
1e+20,0.04719685320018228,3.0995449887443898,1.2641192160537314e-20,1.2641192160537313,1.8354257726906584
1e+20,0.04863585127384103,3.0708844697249056,1.2516852565515634e-20,1.2516852565515633,1.8191992131733423
1e+20,0.0501187233627272,3.04226384853904,1.2392512970493958e-20,1.2392512970493959,1.8030125514896442
1e+20,0.05164680715397711,3.0136842255875056,1.2268173375472278e-20,1.2268173375472278,1.7868668880402778
1e+20,0.05322148111984462,2.9851467281657253,1.2143833780450596e-20,1.2143833780450597,1.7707633501206657
1e+20,0.05484416576121015,2.9566525109183086,1.201949418542892e-20,1.201949418542892,1.7547030923754166
1e+20,0.05651632488900339,2.928202756288746,1.189515459040724e-20,1.189515459040724,1.738687297248022
1e+20,0.05823946694469523,2.899798674963346,1.1770814995385563e-20,1.1770814995385563,1.7227171754247899
1e+20,0.06001514636105094,2.871441506308387,1.1646475400363888e-20,1.1646475400363887,1.7067939662719984
1e+20,0.06184496496437186,2.843132518799395,1.1522135805342206e-20,1.1522135805342206,1.6909189382651746
1e+20,0.0637305734194898,2.8148730104414295,1.1397796210320526e-20,1.1397796210320525,1.675093389409377
1e+20,0.06567367271881884,2.7866643091791463,1.1273456615298852e-20,1.1273456615298851,1.6593186476492612
1e+20,0.06767601571680733,2.758507773295396,1.1149117020277172e-20,1.114911702027717,1.643596071267679
1e+20,0.0697394087111735,2.730404791797041,1.1024777425255491e-20,1.1024777425255492,1.6279270492714917
1e+20,0.07186571307235257,2.7023567847865926,1.0900437830233816e-20,1.0900437830233816,1.612313001763211
1e+20,0.07405684692262435,2.6743652038182257,1.0776098235212136e-20,1.0776098235212135,1.5967553802970123
1e+20,0.07631478686643581,2.6464315322366767,1.0651758640190455e-20,1.0651758640190456,1.581255668217631
1e+20,0.07864156977348036,2.6185572854974275,1.052741904516878e-20,1.052741904516878,1.5658153809805495
1e+20,0.08103929461614214,2.5907440114665543,1.04030794501471e-20,1.04030794501471,1.5504360664518444
1e+20,0.08351012436296183,2.56299329069854,1.027873985512542e-20,1.027873985512542,1.535119305185998
1e+20,0.08605628792983362,2.535306736690279,1.0154400260103744e-20,1.0154400260103744,1.5198667106799044
1e+20,0.08868008219069283,2.507685996109448,1.0030060665082065e-20,1.0030060665082066,1.5046799296012416
1e+20,0.09138387404950712,2.48013274899537,9.905721070060385e-21,0.9905721070060385,1.4895606419893315
1e+20,0.09417010257544203,2.4526487089304005,9.78138147503871e-21,0.978138147503871,1.4745105614265297
1e+20,0.09704128120312615,2.4252356231798498,9.657041880017028e-21,0.9657041880017028,1.459531435178147
1e+20,0.1,2.3978952727983707,9.53270228499535e-21,0.9532702284995349,1.4446250442988358
1e+20,0.10304892800279562,2.370629472700696,9.408362689973674e-21,0.9408362689973674,1.4297932037033285
1e+20,0.10619081562525366,2.343440071694561,9.284023094951995e-21,0.9284023094951995,1.4150377621993617
1e+20,0.1094284971392492,2.3163289524736057,9.159683499930313e-21,0.9159683499930313,1.4003606024805744
1e+20,0.11276489323156617,2.2892980315679887,9.035343904908638e-21,0.9035343904908638,1.385763641077125
1e+20,0.11620301363862609,2.262349259250426,8.911004309886959e-21,0.891100430988696,1.37124882826173
1e+20,0.1197459598615467,2.2354846193953386,8.786664714865279e-21,0.8786664714865279,1.3568181479088106
1e+20,0.1233969279639818,2.208706129288737,8.662325119843603e-21,0.8662325119843604,1.3424736173043765
1e+20,0.12715921145526532,2.1820158393864784,8.537985524821923e-21,0.8537985524821923,1.328217286904286
1e+20,0.13103620426145912,2.1554158330185165,8.413645929800243e-21,0.8413645929800243,1.3140512400384923
1e+20,0.13503140378698722,2.1289082260367342,8.289306334778567e-21,0.8289306334778568,1.2999775925588775
1e+20,0.13914841406961684,2.102495166403977,8.164966739756889e-21,0.8164966739756889,1.2859984924282881
1e+20,0.14339094903163152,2.0761788337219076,8.040627144735209e-21,0.8040627144735208,1.2721161192483867
1e+20,0.14776283583013133,2.049961438695319,7.916287549713533e-21,0.7916287549713533,1.2583326837239657
1e+20,0.15226801830948128,2.0238452225305723,7.791947954691853e-21,0.7791947954691852,1.2446504270613872
1e+20,0.1569105605590212,1.9978324562658885,7.667608359670173e-21,0.7667608359670173,1.2310716202988712
1e+20,0.16169465057924876,1.9719254400312454,7.543268764648497e-21,0.7543268764648497,1.2175985635663955
1e+20,0.1666246040597822,1.9461265022357188,7.418929169626817e-21,0.7418929169626817,1.204233585273037
1e+20,0.1717048682725084,1.9204379986801934,7.294589574605137e-21,0.7294589574605137,1.1909790412196797
1e+20,0.1769400260834322,1.8948623115934302,7.170249979583461e-21,0.7170249979583461,1.1778373136350841
1e+20,0.18233480008684405,1.8694018485896167,7.045910384561782e-21,0.7045910384561782,1.1648108101334385
1e+20,0.18789405686553343,1.844059041545641,6.921570789540102e-21,0.6921570789540102,1.151901962591631
1e+20,0.1936228113808954,1.8188363453964498,6.797231194518427e-21,0.6797231194518427,1.139113225944607
1e+20,0.1995262314968879,1.7937362368470233,6.6728915994967466e-21,0.6672891599496746,1.1264470768973487
1e+20,0.20560964264191953,1.7687612129996781,6.5485520044750664e-21,0.6548552004475067,1.1139060125521714
1e+20,0.211878532612877,1.7439137898955555,6.424212409453391e-21,0.642421240945339,1.1014925489502163
1e+20,0.21833855652562367,1.7191965009693988,6.2998728144317114e-21,0.6299872814431712,1.0892092195262277
1e+20,0.2249955419164334,1.6946118954169285,6.1755332194100305e-21,0.6175533219410031,1.0770585734759255
1e+20,0.2318554939989653,1.6701625364743418,6.051193624388356e-21,0.6051193624388356,1.0650431740355062
1e+20,0.2389246010815201,1.6458509996097426,5.926854029366676e-21,0.5926854029366676,1.0531655966730749
1e+20,0.24620924014946255,1.6216798706265738,5.802514434344995e-21,0.5802514434344995,1.0414284271920744
1e+20,0.25371598261784983,1.5976517436793911,5.67817483932332e-21,0.567817483932332,1.029834259747059
1e+20,0.2614516002594538,1.5737692192026371,5.55383524430164e-21,0.555383524430164,1.0183856947724732
1e+20,0.26942307131352183,1.5500349017534025,5.42949564927996e-21,0.5429495649279961,1.0070853368254065
1e+20,0.2776375867807918,1.5264513977694554,5.3051560542582846e-21,0.5305156054258284,0.995935792343627
1e+20,0.2861025569104376,1.503021313244203,5.180816459236605e-21,0.5180816459236606,0.9849396673205424
1e+20,0.29482561788479456,1.4797472513205985,5.056476864214925e-21,0.5056476864214925,0.974099564899106
1e+20,0.30381463870789926,1.456631809806356,4.9321372691932494e-21,0.4932137269193249,0.9634180828870311
1e+20,0.31307772830405706,1.4336775786132376,4.807797674171569e-21,0.48077976741715694,0.9528978111960806
1e+20,0.32262324283283617,1.4108871371235638,4.683458079149889e-21,0.4683458079149889,0.9425413292085749
1e+20,0.33245979322709385,1.388263051487469,4.5591184841282135e-21,0.45591184841282134,0.9323512030746477
1e+20,0.34259625296083146,1.3658078718548476,4.434778889106534e-21,0.44347788891065343,0.9223299829441942
1e+20,0.3530417660538831,1.3435241295463314,4.310439294084855e-21,0.43104392940848546,0.9124802001378459
1e+20,0.36380575532066417,1.3214143341680202,4.186099699063178e-21,0.4186099699063178,0.9028043642617024
1e+20,0.3748979308704184,1.2994809706751143,4.061760104041499e-21,0.4061760104041499,0.8933049602709644
1e+20,0.38632829886662834,1.2777264963899757,3.937420509019819e-21,0.3937420509019819,0.8839844454879938
1e+20,0.3981071705534969,1.2561533379805283,3.813080913998143e-21,0.3813080913998143,0.8748452465807139
1e+20,0.41024517155764023,1.2347638884052905,3.688741318976463e-21,0.3688741318976463,0.8658897565076442
1e+20,0.4227532514733785,1.2135605038317052,3.564401723954784e-21,0.35644017239547837,0.8571203314362268
1e+20,0.4356426937402793,1.192545500534755,3.440062128933108e-21,0.3440062128933108,0.8485392876414442
1e+20,0.4489251258218603,1.1717211517832016,3.3157225339114286e-21,0.3315722533911429,0.8401488983920586
1e+20,0.46261252969462896,1.1510896847210947,3.191382938889748e-21,0.3191382938889748,0.8319513908321199
1e+20,0.4767172526569297,1.1306532772524611,3.0670433438680717e-21,0.30670433438680716,0.8239489428656539
1e+20,0.4912520184673453,1.1104140549373505,2.942703748846392e-21,0.2942703748846392,0.8161436800527113
1e+20,0.5062299388226954,1.0903740879076549,2.818364153824712e-21,0.28183641538247123,0.8085376725251836
1e+20,0.5216645251859957,1.0705353878112773,2.6940245588030365e-21,0.26940245588030365,0.8011329319309737
1e+20,0.5375697009750429,1.0508999047934073,2.5696849637813575e-21,0.25696849637813574,0.7939314084152715
1e+20,0.5539598141226162,1.03146952452378,2.4453453687596778e-21,0.24453453687596777,0.7869349876478122
1e+20,0.5708496500196352,1.0122460652788536,2.3210057737380018e-21,0.2321005773738002,0.7801454879050534
1e+20,0.5882544448529452,0.993231275087897,2.196666178716322e-21,0.2196666178716322,0.7735646572162648
1e+20,0.6061898993497572,0.9744268289519724,2.0723265836946422e-21,0.20723265836946422,0.7671941705825082
1e+20,0.6246721929411505,0.9558343261447242,1.9479869886729666e-21,0.19479869886729667,0.7610356272774275
1e+20,0.6437179983574114,0.9374552876038148,1.8236473936512864e-21,0.18236473936512865,0.7550905482386862
1e+20,0.6633444966683667,0.9192911534216897,1.6993077986296067e-21,0.16993077986296068,0.749360373558729
1e+20,0.6835693927822921,0.9013432804441551,1.574968203607931e-21,0.1574968203607931,0.7438464600833621
1e+20,0.7044109314173722,0.8836129399850277,1.4506286085862507e-21,0.14506286085862508,0.7385500791264026
1e+20,0.7258879135601106,0.8661013156648223,1.326289013564571e-21,0.1326289013564571,0.7334724143083652
1e+20,0.7480197134255537,0.8488095013811026,1.2019494185428955e-21,0.12019494185428956,0.728614559526813
1e+20,0.7708262959346177,0.831738499417753,1.0776098235212157e-21,0.10776098235212157,0.7239775170656314
1e+20,0.7943282347242815,0.8148892187000116,9.532702284995352e-22,0.09532702284995352,0.7195621958500581
1e+21,0.0001,9.210440366976517,3.81308091399814e-20,38.130809139981395,-28.920368773004878
1e+21,0.00010304892800279572,9.18040969699074,3.800646954495972e-20,38.00646954495972,-28.82605984796898
1e+21,0.00010619081562525365,9.150379119945423,3.788212994993804e-20,37.88212994993804,-28.731750829992617
1e+21,0.0001094284971392492,9.12034863867365,3.775779035491636e-20,37.75779035491636,-28.63744171624271
1e+21,0.00011276489323156629,9.09031825609485,3.763345075989468e-20,37.633450759894686,-28.543132503799836
1e+21,0.00011620301363862609,9.060287975217424,3.750911116487301e-20,37.509111164873005,-28.44882318965558
1e+21,0.0001197459598615467,9.030257799141449,3.738477156985133e-20,37.38477156985133,-28.354513770709882
1e+21,0.00012339692796398192,9.00022773106148,3.726043197482965e-20,37.26043197482965,-28.26020424376817
1e+21,0.0001271592114552653,8.97019777426943,3.7136092379807974e-20,37.13609237980798,-28.165894605538547
1e+21,0.00013103620426145913,8.94016793215752,3.7011752784786294e-20,37.011752784786296,-28.071584852628774
1e+21,0.00013503140378698736,8.910138208221348,3.6887413189764614e-20,36.887413189764615,-27.977274981543268
1e+21,0.00013914841406961683,8.880108606063038,3.6763073594742933e-20,36.763073594742934,-27.882964988679895
1e+21,0.00014339094903163154,8.850079129394473,3.6638733999721253e-20,36.638733999721254,-27.78865487032678
1e+21,0.0001477628358301315,8.820049782040648,3.651439440469958e-20,36.51439440469958,-27.69434462265893
1e+21,0.0001522680183094813,8.790020567943113,3.6390054809677905e-20,36.390054809677906,-27.600034241734793
1e+21,0.0001569105605590212,8.759991491163515,3.6265715214656225e-20,36.265715214656225,-27.50572372349271
1e+21,0.00016169465057924893,8.729962555887267,3.6141375619634545e-20,36.141375619634545,-27.411413063747275
1e+21,0.00016662460405978218,8.699933766427312,3.6017036024612865e-20,36.017036024612864,-27.31710225818555
1e+21,0.00017170486827250837,8.669905127227999,3.5892696429591185e-20,35.89269642959118,-27.222791302363184
1e+21,0.0001769400260834324,8.639876642869092,3.5768356834569504e-20,35.7683568345695,-27.12848019170041
1e+21,0.00018233480008684403,8.609848318069897,3.564401723954783e-20,35.64401723954783,-27.03416892147793
1e+21,0.00018789405686553344,8.579820157693497,3.551967764452615e-20,35.51967764452615,-26.93985748683265
1e+21,0.00019362281138089561,8.549792166751143,3.539533804950447e-20,35.39533804950447,-26.845545882753324
1e+21,0.00019952623149688788,8.519764350406755,3.5270998454482796e-20,35.27099845448279,-26.75123410407604
1e+21,0.0002056096426419195,8.489736713981575,3.5146658859461116e-20,35.14665885946111,-26.656922145479538
1e+21,0.00021187853261287723,8.459709262958954,3.5022319264439436e-20,35.02231926443944,-26.562610001480486
1e+21,0.00021833855652562368,8.42968200298929,3.4897979669417755e-20,34.89797966941776,-26.46829766642847
1e+21,0.0002249955419164334,8.399654939895104,3.477364007439608e-20,34.773640074396084,-26.37398513450098
1e+21,0.00023185549399896554,8.369628079676286,3.46493004793744e-20,34.6493004793744,-26.279672399698118
1e+21,0.00023892460108152012,8.339601428515493,3.452496088435273e-20,34.52496088435273,-26.185359455837236
1e+21,0.00024620924014946254,8.309574992783707,3.4400621289331047e-20,34.40062128933105,-26.09104629654734
1e+21,0.0002537159826178501,8.27954877904597,3.4276281694309367e-20,34.27628169430937,-25.9967329152634
1e+21,0.0002614516002594538,8.249522794067284,3.4151942099287687e-20,34.15194209928769,-25.902419305220405
1e+21,0.0002694230713135218,8.219497044818704,3.4027602504266006e-20,34.02760250426601,-25.808105459447304
1e+21,0.0002776375867807921,8.189471538483595,3.3903262909244326e-20,33.903262909244326,-25.71379137076073
1e+21,0.0002861025569104376,8.159446282464106,3.377892331422265e-20,33.77892331422265,-25.619477031758546
1e+21,0.00029482561788479457,8.12942128438781,3.365458371920097e-20,33.65458371920097,-25.52516243481316
1e+21,0.0003038146387078996,8.099396552114573,3.35302441241793e-20,33.5302441241793,-25.430847572064724
1e+21,0.0003130777283040571,8.069372093743615,3.340590452915762e-20,33.40590452915762,-25.336532435414
1e+21,0.00032262324283283616,8.039347917620791,3.3281564934135944e-20,33.28156493413594,-25.242217016515152
1e+21,0.00033245979322709415,8.009324032346091,3.315722533911426e-20,33.157225339114255,-25.147901306768162
1e+21,0.00034259625296083145,7.979300446781371,3.3032885744092583e-20,33.03288574409258,-25.05358529731121
1e+21,0.0003530417660538831,7.949277170058309,3.2908546149070903e-20,32.9085461490709,-24.95926897901259
1e+21,0.00036380575532066455,7.919254211586619,3.2784206554049223e-20,32.78420655404922,-24.8649523424626
1e+21,0.0003748979308704188,7.889231581062495,3.265986695902754e-20,32.659866959027546,-24.77063537796505
1e+21,0.00038632829886662835,7.859209288477329,3.253552736400587e-20,32.535527364005866,-24.676318075528535
1e+21,0.00039810717055349735,7.829187344126675,3.241118776898419e-20,32.41118776898419,-24.58200042485752
1e+21,0.0004102451715576402,7.799165758619501,3.228684817396251e-20,32.28684817396251,-24.48768241534301
1e+21,0.00042275325147337847,7.76914454288771,3.216250857894083e-20,32.16250857894083,-24.39336403605312
1e+21,0.00043564269374027977,7.739123708195957,3.203816898391915e-20,32.03816898391915,-24.29904527572319
1e+21,0.00044892512582186077,7.709103266151759,3.1913829388897474e-20,31.913829388897476,-24.20472612274572
1e+21,0.0004626125296946289,7.679083228715913,3.17894897938758e-20,31.7894897938758,-24.110406565159884
1e+21,0.0004767172526569302,7.649063608213221,3.166515019885412e-20,31.66515019885412,-24.0160865906409
1e+21,0.0004912520184673452,7.619044417343562,3.1540810603832446e-20,31.540810603832444,-23.92176618648888
1e+21,0.0005062299388226953,7.589025669193268,3.1416471008810766e-20,31.416471008810767,-23.827445339617498
1e+21,0.0005216645251859962,7.559007377246874,3.129213141378908e-20,31.29213141378908,-23.733124036542204
1e+21,0.0005375697009750434,7.528989555399198,3.11677918187674e-20,31.167791818767398,-23.6388022633682
1e+21,0.0005539598141226161,7.49897221796781,3.1043452223745725e-20,31.043452223745724,-23.544480005777913
1e+21,0.0005708496500196358,7.468955379705852,3.0919112628724045e-20,30.919112628724044,-23.45015724901819
1e+21,0.0005882544448529452,7.438939055815275,3.079477303370237e-20,30.79477303370237,-23.355833977887094
1e+21,0.0006061898993497572,7.408923261960443,3.067043343868069e-20,30.67043343868069,-23.261510176720247
1e+21,0.0006246721929411512,7.3789080142821835,3.054609384365901e-20,30.546093843659012,-23.167185829376827
1e+21,0.0006437179983574121,7.348893329412229,3.042175424863733e-20,30.42175424863733,-23.0728609192251
1e+21,0.0006633444966683667,7.318879224488119,3.0297414653615656e-20,30.297414653615657,-22.97853542912754
1e+21,0.0006835693927822929,7.288865717168532,3.0173075058593976e-20,30.173075058593977,-22.884209341425446
1e+21,0.0007044109314173722,7.2588528256491065,3.00487354635723e-20,30.048735463572303,-22.789882637923196
1e+21,0.0007258879135601106,7.228840568678705,2.992439586855062e-20,29.924395868550622,-22.695555299871916
1e+21,0.0007480197134255545,7.1988289655761974,2.980005627352894e-20,29.80005627352894,-22.601227307952744
1e+21,0.0007708262959346186,7.168818036247736,2.967571667850726e-20,29.67571667850726,-22.506898642259525
1e+21,0.0007943282347242813,7.138807801204557,2.955137708348559e-20,29.551377083485587,-22.41256928228103
1e+21,0.0008185467307069029,7.108798281581305,2.94270374884639e-20,29.427037488463903,-22.3182392068826
1e+21,0.0008435036311953937,7.078789499154933,2.930269789344223e-20,29.30269789344223,-22.223908394287296
1e+21,0.0008692214496115088,7.048781476364148,2.917835829842055e-20,29.178358298420548,-22.1295768220564
1e+21,0.0008957233857950211,7.018774236329455,2.9054018703398867e-20,29.054018703398867,-22.03524446706941
1e+21,0.0009230333469321155,6.9887678028738,2.892967910837719e-20,28.929679108377194,-21.940911305503395
1e+21,0.0009511759691218704,6.9587622005438305,2.880533951335551e-20,28.805339513355513,-21.846577312811682
1e+21,0.0009801766396002906,6.928757454631798,2.868099991833384e-20,28.68099991833384,-21.75224246370204
1e+21,0.001010061519641925,6.898753591198123,2.855666032331216e-20,28.55666032331216,-21.657906732114036
1e+21,0.0010408575681597517,6.868750637094621,2.843232072829048e-20,28.432320728290478,-21.563570091195857
1e+21,0.0010725925660245931,6.838748619988451,2.83079811332688e-20,28.307981133268797,-21.469232513280346
1e+21,0.0011052951411260222,6.808747568386753,2.818364153824712e-20,28.18364153824712,-21.374893969860366
1e+21,0.0011389947941973528,6.778747511662049,2.8059301943225444e-20,28.059301943225442,-21.280554431563395
1e+21,0.0011737219254280213,6.748748480078387,2.7934962348203764e-20,27.934962348203765,-21.186213868125378
1e+21,0.0012095078618873482,6.718750504818279,2.781062275318209e-20,27.81062275318209,-21.091872248363813
1e+21,0.0012463848857844474,6.6887536180104386,2.768628315816041e-20,27.68628315816041,-20.997529540149973
1e+21,0.001284386263589743,6.658757852758354,2.7561943563138723e-20,27.561943563138723,-20.90318571038037
1e+21,0.0013235462760443923,6.628763243169706,2.743760396811705e-20,27.43760396811705,-20.808840724947345
1e+21,0.0013639002490846684,6.598769824386674,2.7313264373095375e-20,27.313264373095375,-20.7144945487087
1e+21,0.0014054845857092116,6.568777632617142,2.7188924778073695e-20,27.188924778073694,-20.620147145456553
1e+21,0.0014483367988178757,6.5387867051668325,2.7064585183052018e-20,27.064585183052017,-20.525798477885186
1e+21,0.0014924955450518291,6.508797080472405,2.6940245588030338e-20,26.940245588030336,-20.43144850755793
1e+21,0.001538000659665393,6.478808798135537,2.6815905993008657e-20,26.81590599300866,-20.337097194873124
1e+21,0.001584893192461114,6.4488218989580215,2.6691566397986977e-20,26.69156639798698,-20.24274449902896
1e+21,0.0016332154448204625,6.4188364249779,2.65672268029653e-20,26.5672268029653,-20.1483903779874
1e+21,0.0016830110078635784,6.388852419506679,2.644288720794362e-20,26.44288720794362,-20.05403478843694
1e+21,0.0017343248017724637,6.358869927167654,2.6318547612921946e-20,26.318547612921947,-19.959677685754293
1e+21,0.0017872031163131358,6.328888993935356,2.6194208017900266e-20,26.194208017900266,-19.865319023964908
1e+21,0.001841693652593245,6.298909667176184,2.6069868422878586e-20,26.069868422878585,-19.770958755702402
1e+21,0.0018978455660928718,6.268931995690229,2.5945528827856908e-20,25.945528827856908,-19.67659683216668
1e+21,0.0019557095110072924,6.2389560297543465,2.5821189232835234e-20,25.821189232835234,-19.58223320308089
1e+21,0.002015337685941733,6.208981821166486,2.5696849637813554e-20,25.696849637813553,-19.487867816647068
1e+21,0.002076783880999304,6.179009423291354,2.5572510042791877e-20,25.572510042791876,-19.39350061950052
1e+21,0.0021401035263046396,6.149038891107399,2.5448170447770197e-20,25.448170447770195,-19.299131556662797
1e+21,0.0022053537420069604,6.119070281255205,2.5323830852748517e-20,25.323830852748518,-19.204760571493313
1e+21,0.002272593389807714,6.089103652087285,2.5199491257726837e-20,25.199491257726837,-19.110387605639552
1e+21,0.0023418831260592437,6.059139063719369,2.507515166270516e-20,25.07515166270516,-19.01601259898579
1e+21,0.0024132854564824116,6.029176578083166,2.495081206768348e-20,24.95081206768348,-18.921635489600312
1e+21,0.002486864792552498,5.999216258980706,2.4826472472661805e-20,24.826472472661806,-18.8272562136811
1e+21,0.002562687509604299,5.9692581721402505,2.4702132877640122e-20,24.70213287764012,-18.73287470549987
1e+21,0.002640822006708773,5.939302385273854,2.4577793282618442e-20,24.57779328261844,-18.638490897344585
1e+21,0.002721338768375309,5.909348968136605,2.4453453687596762e-20,24.453453687596763,-18.544104719460158
1e+21,0.002804310428135237,5.879397992587594,2.432911409257509e-20,24.32911409257509,-18.449716099987494
1e+21,0.0028898118340639728,5.8494495326526605,2.420477449755341e-20,24.204774497553412,-18.355324964900753
1e+21,0.002977920116300851,5.819503664588972,2.4080434902531736e-20,24.080434902531735,-18.260931237942764
1e+21,0.003068714756627635,5.789560466951474,2.3956095307510056e-20,23.956095307510058,-18.166534840558583
1e+21,0.0031622776601683794,5.759620020661271,2.3831755712488376e-20,23.831755712488377,-18.072135691827107
1e+21,0.0032586932292754064,5.729682409075997,2.3707416117466693e-20,23.707416117466693,-17.977733708390694
1e+21,0.0033580484396679893,5.699747718062208,2.358307652244502e-20,23.58307652244502,-17.88332880438281
1e+21,0.0034604329188924715,5.669816036069883,2.345873692742334e-20,23.458736927423338,-17.788920891353456
1e+21,0.003565939027174542,5.6398874542090605,2.3334397332401662e-20,23.33439733240166,-17.6945098781926
1e+21,0.003674661940736688,5.609962066328686,2.321005773737998e-20,23.21005773737998,-17.600095671051292
1e+21,0.0037866997376558857,5.580039969097733,2.30857181423583e-20,23.085718142358303,-17.50567817326057
1e+21,0.003902153486339068,5.550121262088635,2.296137854733662e-20,22.961378547336622,-17.411257285247988
1e+21,0.004021127336696125,5.520206047863127,2.2837038952314947e-20,22.83703895231495,-17.31683290445182
1e+21,0.004143728614092727,5.490294432060511,2.2712699357293267e-20,22.712699357293268,-17.222404925232755
1e+21,0.004270067916167655,5.460386523488477,2.2588359762271593e-20,22.588359762271594,-17.127973238783117
1e+21,0.004400259212602087,5.430482434216466,2.2464020167249913e-20,22.464020167249913,-17.033537733033448
1e+21,0.004534419947930711,5.400582279671713,2.2339680572228232e-20,22.339680572228232,-16.93909829255652
1e+21,0.0046726711474875254,5.370686178738003,2.2215340977206552e-20,22.21534097720655,-16.844654798468547
1e+21,0.004815137526581825,5.340794253857207,2.2091001382184878e-20,22.091001382184878,-16.75020712832767
1e+21,0.004961947603002903,5.310906631133687,2.1966661787163198e-20,21.966661787163197,-16.65575515602951
1e+21,0.005113233812954905,5.281023440441643,2.184232219214152e-20,21.84232219214152,-16.561298751699876
1e+21,0.005269132630526506,5.251144815535453,2.1717982597119844e-20,21.717982597119843,-16.46683778158439
1e+21,0.005429784690803076,5.221270894163116,2.1593643002098164e-20,21.593643002098165,-16.37237210793505
1e+21,0.005595334916732486,5.191401818182837,2.1469303407076484e-20,21.469303407076485,-16.27790158889365
1e+21,0.005765932649858944,5.16153773368288,2.1344963812054806e-20,21.344963812054807,-16.183426078371927
1e+21,0.005941731785042835,5.131678791104708,2.1220624217033126e-20,21.220624217033127,-16.08894542592842
1e+21,0.0061228909092880136,5.1018251453695616,2.109628462201145e-20,21.09628462201145,-15.994459476641888
1e+21,0.00630957344480193,5.071976956008489,2.097194502698977e-20,20.97194502698977,-15.89996807098128
1e+21,0.006501947796417459,5.042134387295971,2.0847605431968092e-20,20.84760543196809,-15.805471044672121
1e+21,0.006700187503509591,5.01229760838718,2.0723265836946412e-20,20.72326583694641,-15.710968228559231
1e+21,0.006904471396543907,4.982466793458995,2.0598926241924735e-20,20.598926241924733,-15.616459448465738
1e+21,0.007114983758398155,4.952642121854823,2.0474586646903054e-20,20.474586646903056,-15.521944525048234
1e+21,0.007331914490602317,4.922823778233366,2.035024705188138e-20,20.35024705188138,-15.427423273648014
1e+21,0.007555459284647329,4.893011952721356,2.02259074568597e-20,20.2259074568597,-15.332895504138346
1e+21,0.00778581979851677,4.863206841070422,2.010156786183802e-20,20.10156786183802,-15.238361020767599
1e+21,0.008023203838600963,4.833408644818118,1.997722826681634e-20,19.97722826681634,-15.143819621998222
1e+21,0.00826782554715744,4.803617571453243,1.9852888671794666e-20,19.852888671794666,-15.049271100341423
1e+21,0.008519905595487022,4.773833834585523,1.9728549076772986e-20,19.728549076772985,-14.954715242187461
1e+21,0.008779671382999576,4.744057654119776,1.9604209481751308e-20,19.604209481751308,-14.860151827631533
1e+21,0.009047357242349292,4.714289256434616,1.9479869886729628e-20,19.479869886729627,-14.765580630295013
1e+21,0.009323204650824249,4.684528874565829,1.935553029170795e-20,19.35553029170795,-14.671001417142122
1e+21,0.009607462448181182,4.654776748394491,1.923119069668627e-20,19.23119069668627,-14.576413948291778
1e+21,0.00990038706112185,4.62503312483993,1.9106851101664594e-20,19.106851101664592,-14.481817976824662
1e+21,0.01020224273461356,4.595298258057627,1.8982511506642914e-20,18.982511506642915,-14.387213248585287
1e+21,0.010513301770262386,4.565572409642164,1.8858171911621234e-20,18.858171911621234,-14.292599501979069
1e+21,0.010833844771954322,4.5358558488352845,1.8733832316599556e-20,18.733832316599557,-14.197976467764272
1e+21,0.011164160898985859,4.50614885273919,1.8609492721577876e-20,18.609492721577876,-14.103343868838685
1e+21,0.01150454812691221,4.476451706535156,1.84851531265562e-20,18.4851531265562,-14.008701420021044
1e+21,0.011855313516348736,4.44676470370755,1.8360813531534525e-20,18.360813531534525,-13.914048827826974
1e+21,0.012216773489967919,4.41708814627336,1.8236473936512842e-20,18.23647393651284,-13.81938579023948
1e+21,0.012589254117941675,4.387422345017317,1.8112134341491162e-20,18.112134341491164,-13.724711996473847
1e+21,0.012973091412086699,4.357767619732692,1.7987794746469488e-20,17.987794746469486,-13.630027126736795
1e+21,0.013368631628978098,4.328124299467869,1.7863455151447807e-20,17.86345515144781,-13.53533085197994
1e+21,0.013776231582304618,4.298492722778779,1.7739115556426127e-20,17.73911555642613,-13.44062283364735
1e+21,0.014196258964747476,4.268873237987252,1.7614775961404453e-20,17.614775961404455,-13.345902723417202
1e+21,0.01462909267967306,4.239266203445404,1.7490436366382773e-20,17.490436366382774,-13.25117016293737
1e+21,0.015075123182938552,4.209671987806107,1.7366096771361093e-20,17.366096771361093,-13.156424783554986
1e+21,0.015534752835119101,4.180090970299629,1.7241757176339416e-20,17.241757176339416,-13.061666206039787
1e+21,0.01600839626447415,4.150523541016506,1.711741758131774e-20,17.11741758131774,-12.966894040301232
1e+21,0.016496480740980205,4.120970101196715,1.699307798629606e-20,16.993077986296058,-12.872107885099343
1e+21,0.016999446561767738,4.091431063525208,1.686873839127438e-20,16.86873839127438,-12.777307327749172
1e+21,0.01751774744830977,4.0619068524338555,1.67443987962527e-20,16.7443987962527,-12.682491943818844
1e+21,0.01805185095572032,4.032397904409856,1.662005920123102e-20,16.620059201231022,-12.587661296821167
1e+21,0.018602238894532205,4.002904668310645,1.6495719606209347e-20,16.49571960620935,-12.492814937898704
1e+21,0.019169407765334556,3.9734276056853477,1.6371380011187667e-20,16.371380011187668,-12.39795240550232
1e+21,0.01975386920666194,3.9439671911027996,1.6247040416165987e-20,16.247040416165987,-12.303073225063187
1e+21,0.020356150456539476,3.914523912486148,1.6122700821144313e-20,16.122700821144313,-12.208176908658166
1e+21,0.020976794828100137,3.8850982714540527,1.599836122612263e-20,15.99836122612263,-12.113262954668576
1e+21,0.021616362199703087,3.855690783668488,1.587402163110095e-20,15.87402163110095,-12.018330847432463
1e+21,0.022275429519995563,3.82630197918913,1.5749682036079275e-20,15.749682036079275,-11.923380056890144
1e+21,0.022954591328373734,3.796932402834307,1.5625342441057595e-20,15.625342441057596,-11.82841003822329
1e+21,0.02365446029131184,3.767582614548497,1.5501002846035915e-20,15.501002846035915,-11.733420231487418
1e+21,0.024375667755043816,3.738253189776303,1.537666325101424e-20,15.376663251014241,-11.638410061237938
1e+21,0.025118864315095794,3.708944719842862,1.525232365599256e-20,15.25232365599256,-11.543378936149699
1e+21,0.025884720403183015,3.679657812340618,1.512798406097088e-20,15.127984060970881,-11.448326248630263
1e+21,0.026673926892001012,3.6503930915223557,1.5003644465949203e-20,15.003644465949204,-11.353251374426849
1e+21,0.02748719571845649,3.6211511987003924,1.4879304870927523e-20,14.879304870927523,-11.258153672227131
1e+21,0.02832526052589978,3.591932792651819,1.4754965275905846e-20,14.754965275905846,-11.163032483254026
1e+21,0.02918887732593875,3.5627385500296276,1.463062568088417e-20,14.630625680884169,-11.06788713085454
1e+21,0.03007882518043099,3.5335691657795683,1.450628608586249e-20,14.506286085862488,-10.97271692008292
1e+21,0.03099590690426912,3.504425353562567,1.438194649084081e-20,14.381946490840809,-10.877521137278242
1e+21,0.031940949789593845,3.475307846182473,1.4257606895819135e-20,14.257606895819135,-10.782299049636663
1e+21,0.03291480635208769,3.44621739601892,1.4133267300797454e-20,14.133267300797455,-10.687049904778535
1e+21,0.03391835510002248,3.417154775465055,1.4008927705775774e-20,14.008927705775774,-10.591772930310718
1e+21,0.034952501326754724,3.388120777369826,1.38845881107541e-20,13.8845881107541,-10.496467333384274
1e+21,0.036018177927383696,3.359116215484542,1.376024851573242e-20,13.76024851573242,-10.401132300247877
1e+21,0.03711634624030848,3.3301419249133657,1.3635908920710737e-20,13.635908920710737,-10.30576699579737
1e+21,0.038247996914443826,3.3011987625673505,1.3511569325689063e-20,13.511569325689063,-10.210370563121712
1e+21,0.03941415080287675,3.272287607621637,1.3387229730667383e-20,13.387229730667382,-10.114942123045745
1e+21,0.0406158598837698,3.2434093619753726,1.3262890135645704e-20,13.262890135645703,-10.019480773670331
1e+21,0.041854208209342283,3.2145649507138705,1.3138550540624028e-20,13.138550540624028,-9.923985589910156
1e+21,0.04313031288378535,3.1857553225725033,1.3014210945602348e-20,13.014210945602349,-9.828455623029846
1e+21,0.0444453250709925,3.1569814504018012,1.2889871350580668e-20,12.889871350580668,-9.732889900178867
1e+21,0.04580043103301552,3.1282443316331374,1.2765531755558992e-20,12.765531755558992,-9.637287423925855
1e+21,0.04719685320018228,3.0995449887443898,1.2641192160537314e-20,12.641192160537313,-9.541647171792924
1e+21,0.04863585127384103,3.0708844697249056,1.2516852565515634e-20,12.516852565515634,-9.445968095790729
1e+21,0.0501187233627272,3.04226384853904,1.2392512970493958e-20,12.392512970493957,-9.350249121954917
1e+21,0.05164680715397711,3.0136842255875056,1.2268173375472278e-20,12.268173375472278,-9.254489149884773
1e+21,0.05322148111984462,2.9851467281657253,1.2143833780450596e-20,12.143833780450596,-9.15868705228487
1e+21,0.05484416576121015,2.9566525109183086,1.201949418542892e-20,12.01949418542892,-9.062841674510612
1e+21,0.05651632488900339,2.928202756288746,1.189515459040724e-20,11.895154590407241,-8.966951834118495
1e+21,0.05823946694469523,2.899798674963346,1.1770814995385563e-20,11.770814995385564,-8.871016320422218
1e+21,0.06001514636105094,2.871441506308387,1.1646475400363888e-20,11.646475400363888,-8.7750338940555
1e+21,0.06184496496437186,2.843132518799395,1.1522135805342206e-20,11.522135805342206,-8.67900328654281
1e+21,0.0637305734194898,2.8148730104414295,1.1397796210320526e-20,11.397796210320525,-8.582923199879096
1e+21,0.06567367271881884,2.7866643091791463,1.1273456615298852e-20,11.273456615298851,-8.486792306119705
1e+21,0.06767601571680733,2.758507773295396,1.1149117020277172e-20,11.149117020277172,-8.390609246981777
1e+21,0.0697394087111735,2.730404791797041,1.1024777425255491e-20,11.024777425255492,-8.294372633458451
1e+21,0.07186571307235257,2.7023567847865926,1.0900437830233816e-20,10.900437830233816,-8.198081045447223
1e+21,0.07405684692262435,2.6743652038182257,1.0776098235212136e-20,10.776098235212135,-8.101733031393909
1e+21,0.07631478686643581,2.6464315322366767,1.0651758640190455e-20,10.651758640190456,-8.005327107953779
1e+21,0.07864156977348036,2.6185572854974275,1.052741904516878e-20,10.527419045168779,-7.9088617596713515
1e+21,0.08103929461614214,2.5907440114665543,1.04030794501471e-20,10.4030794501471,-7.812335438680545
1e+21,0.08351012436296183,2.56299329069854,1.027873985512542e-20,10.27873985512542,-7.71574656442688
1e+21,0.08605628792983362,2.535306736690279,1.0154400260103744e-20,10.154400260103744,-7.619093523413465
1e+21,0.08868008219069283,2.507685996109448,1.0030060665082065e-20,10.030060665082065,-7.522374668972617
1e+21,0.09138387404950712,2.48013274899537,9.905721070060385e-21,9.905721070060386,-7.425588321065016
1e+21,0.09417010257544203,2.4526487089304005,9.78138147503871e-21,9.78138147503871,-7.32873276610831
1e+21,0.09704128120312615,2.4252356231798498,9.657041880017028e-21,9.657041880017028,-7.231806256837178
1e+21,0.1,2.3978952727983707,9.53270228499535e-21,9.532702284995349,-7.134807012196978
1e+21,0.10304892800279562,2.370629472700696,9.408362689973674e-21,9.408362689973673,-7.037733217272978
1e+21,0.10619081562525366,2.343440071694561,9.284023094951995e-21,9.284023094951994,-6.9405830232574335
1e+21,0.1094284971392492,2.3163289524736057,9.159683499930313e-21,9.159683499930313,-6.843354547456707
1e+21,0.11276489323156617,2.2892980315679887,9.035343904908638e-21,9.035343904908638,-6.746045873340649
1e+21,0.11620301363862609,2.262349259250426,8.911004309886959e-21,8.911004309886959,-6.648655050636533
1e+21,0.1197459598615467,2.2354846193953386,8.786664714865279e-21,8.786664714865278,-6.55118009546994
1e+21,0.1233969279639818,2.208706129288737,8.662325119843603e-21,8.662325119843603,-6.453618990554865
1e+21,0.12715921145526532,2.1820158393864784,8.537985524821923e-21,8.537985524821924,-6.355969685435445
1e+21,0.13103620426145912,2.1554158330185165,8.413645929800243e-21,8.413645929800243,-6.258230096781727
1e+21,0.13503140378698722,2.1289082260367342,8.289306334778567e-21,8.289306334778567,-6.160398108741833
1e+21,0.13914841406961684,2.102495166403977,8.164966739756889e-21,8.164966739756888,-6.062471573352911
1e+21,0.14339094903163152,2.0761788337219076,8.040627144735209e-21,8.04062714473521,-5.964448311013301
1e+21,0.14776283583013133,2.049961438695319,7.916287549713533e-21,7.916287549713533,-5.866326111018214
1e+21,0.15226801830948128,2.0238452225305723,7.791947954691853e-21,7.791947954691853,-5.768102732161281
1e+21,0.1569105605590212,1.9978324562658885,7.667608359670173e-21,7.667608359670172,-5.669775903404284
1e+21,0.16169465057924876,1.9719254400312454,7.543268764648497e-21,7.543268764648497,-5.571343324617251
1e+21,0.1666246040597822,1.9461265022357188,7.418929169626817e-21,7.418929169626817,-5.4728026673910986
1e+21,0.1717048682725084,1.9204379986801934,7.294589574605137e-21,7.294589574605137,-5.374151575924944
1e+21,0.1769400260834322,1.8948623115934302,7.170249979583461e-21,7.1702499795834616,-5.275387667990032
1e+21,0.18233480008684405,1.8694018485896167,7.045910384561782e-21,7.0459103845617825,-5.176508535972166
1e+21,0.18789405686553343,1.844059041545641,6.921570789540102e-21,6.921570789540103,-5.077511747994461
1e+21,0.1936228113808954,1.8188363453964498,6.797231194518427e-21,6.797231194518427,-4.978394849121978
1e+21,0.1995262314968879,1.7937362368470233,6.6728915994967466e-21,6.672891599496746,-4.879155362649723
1e+21,0.20560964264191953,1.7687612129996781,6.5485520044750664e-21,6.5485520044750665,-4.7797907914753885
1e+21,0.211878532612877,1.7439137898955555,6.424212409453391e-21,6.424212409453391,-4.680298619557836
1e+21,0.21833855652562367,1.7191965009693988,6.2998728144317114e-21,6.299872814431711,-4.5806763134623125
1e+21,0.2249955419164334,1.6946118954169285,6.1755332194100305e-21,6.17553321941003,-4.480921323993102
1e+21,0.2318554939989653,1.6701625364743418,6.051193624388356e-21,6.051193624388356,-4.381031087914014
1e+21,0.2389246010815201,1.6458509996097426,5.926854029366676e-21,5.926854029366676,-4.281003029756933
1e+21,0.24620924014946255,1.6216798706265738,5.802514434344995e-21,5.802514434344995,-4.180834563718421
1e+21,0.25371598261784983,1.5976517436793911,5.67817483932332e-21,5.67817483932332,-4.080523095643929
1e+21,0.2614516002594538,1.5737692192026371,5.55383524430164e-21,5.5538352443016406,-3.9800660250990036
1e+21,0.26942307131352183,1.5500349017534025,5.42949564927996e-21,5.42949564927996,-3.879460747526557
1e+21,0.2776375867807918,1.5264513977694554,5.3051560542582846e-21,5.305156054258284,-3.778704656488829
1e+21,0.2861025569104376,1.503021313244203,5.180816459236605e-21,5.180816459236605,-3.6777951459924023
1e+21,0.29482561788479456,1.4797472513205985,5.056476864214925e-21,5.056476864214925,-3.5767296128943267
1e+21,0.30381463870789926,1.456631809806356,4.9321372691932494e-21,4.932137269193249,-3.475505459386893
1e+21,0.31307772830405706,1.4336775786132376,4.807797674171569e-21,4.807797674171569,-3.3741200955583315
1e+21,0.32262324283283617,1.4108871371235638,4.683458079149889e-21,4.683458079149889,-3.2725709420263254
1e+21,0.33245979322709385,1.388263051487469,4.5591184841282135e-21,4.559118484128214,-3.170855432640745
1e+21,0.34259625296083146,1.3658078718548476,4.434778889106534e-21,4.434778889106534,-3.068971017251686
1e+21,0.3530417660538831,1.3435241295463314,4.310439294084855e-21,4.310439294084855,-2.9669151645385234
1e+21,0.36380575532066417,1.3214143341680202,4.186099699063178e-21,4.1860996990631785,-2.8646853648951582
1e+21,0.3748979308704184,1.2994809706751143,4.061760104041499e-21,4.061760104041499,-2.762279133366384
1e+21,0.38632829886662834,1.2777264963899757,3.937420509019819e-21,3.9374205090198187,-2.659694012629843
1e+21,0.3981071705534969,1.2561533379805283,3.813080913998143e-21,3.813080913998143,-2.556927576017615
1e+21,0.41024517155764023,1.2347638884052905,3.688741318976463e-21,3.688741318976463,-2.4539774305711726
1e+21,0.4227532514733785,1.2135605038317052,3.564401723954784e-21,3.564401723954784,-2.350841220123079
1e+21,0.4356426937402793,1.192545500534755,3.440062128933108e-21,3.440062128933108,-2.247516628398353
1e+21,0.4489251258218603,1.1717211517832016,3.3157225339114286e-21,3.3157225339114285,-2.144001382128227
1e+21,0.46261252969462896,1.1510896847210947,3.191382938889748e-21,3.191382938889748,-2.0402932541686534
1e+21,0.4767172526569297,1.1306532772524611,3.0670433438680717e-21,3.0670433438680718,-1.9363900666156106
1e+21,0.4912520184673453,1.1104140549373505,2.942703748846392e-21,2.942703748846392,-1.8322896939090414
1e+21,0.5062299388226954,1.0903740879076549,2.818364153824712e-21,2.8183641538247124,-1.7279900659170575
1e+21,0.5216645251859957,1.0705353878112773,2.6940245588030365e-21,2.6940245588030365,-1.6234891709917592
1e+21,0.5375697009750429,1.0508999047934073,2.5696849637813575e-21,2.5696849637813575,-1.5187850589879501
1e+21,0.5539598141226162,1.03146952452378,2.4453453687596778e-21,2.4453453687596776,-1.4138758442358976
1e+21,0.5708496500196352,1.0122460652788536,2.3210057737380018e-21,2.3210057737380017,-1.308759708459148
1e+21,0.5882544448529452,0.993231275087897,2.196666178716322e-21,2.196666178716322,-1.203434903628425
1e+21,0.6061898993497572,0.9744268289519724,2.0723265836946422e-21,2.0723265836946423,-1.0978997547426699
1e+21,0.6246721929411505,0.9558343261447242,1.9479869886729666e-21,1.9479869886729666,-0.9921526625282424
1e+21,0.6437179983574114,0.9374552876038148,1.8236473936512864e-21,1.8236473936512865,-0.8861921060474717
1e+21,0.6633444966683667,0.9192911534216897,1.6993077986296067e-21,1.6993077986296068,-0.7800166452079171
1e+21,0.6835693927822921,0.9013432804441551,1.574968203607931e-21,1.574968203607931,-0.673624923163776
1e+21,0.7044109314173722,0.8836129399850277,1.4506286085862507e-21,1.4506286085862508,-0.5670156686012231
1e+21,0.7258879135601106,0.8661013156648223,1.326289013564571e-21,1.3262890135645709,-0.46018769789974856
1e+21,0.7480197134255537,0.8488095013811026,1.2019494185428955e-21,1.2019494185428956,-0.35313991716179305
1e+21,0.7708262959346177,0.831738499417753,1.0776098235212157e-21,1.0776098235212157,-0.24587132410346269
1e+21,0.7943282347242815,0.8148892187000116,9.532702284995352e-22,0.9532702284995352,-0.1383810097995236
